ListID,PropertyName,Type,Price,Bedrooms,Bathrooms,Sqft,Author,ListDate,Address,NearestMRT,DistanceToMRT,PricePerSqft,URL,Latitude,Longitude,Full Address
24661127,Dorsett Residences,Sale,1218000.0,1,1,484,Andy Law,24 Sep 2025,331 New Bridge Road,TE17 Outram Park MRT Station,30.0,2516.53,https://www.propertyguru.com.sg/listing/for-sale-dorsett-residences-24661127,1.28004529331829,103.840358673254,331 NEW BRIDGE ROAD DORSETT RESIDENCES SINGAPORE 088764
60078028,Skysuites @ Anson,Sale,2688000.0,3,2,1012,Edwin Wee,24 Sep 2025,8 Enggor Street,EW15 Tanjong Pagar MRT Station,360.0,2656.13,https://www.propertyguru.com.sg/listing/for-sale-skysuites-anson-60078028,1.27464397804711,103.844741587315,8 ENGGOR STREET SKYSUITES@ANSON SINGAPORE 079718
25459462,Skysuites @ Anson,Sale,1620000.0,2,2,667,Edwin Wee,24 Sep 2025,8 Enggor Street,EW15 Tanjong Pagar MRT Station,360.0,2428.79,https://www.propertyguru.com.sg/listing/for-sale-skysuites-anson-25459462,1.27464397804711,103.844741587315,8 ENGGOR STREET SKYSUITES@ANSON SINGAPORE 079718
60073454,Skysuites @ Anson,Sale,1480000.0,2,2,700,Meilinda Soetedjo,24 Sep 2025,8 Enggor Street,EW15 Tanjong Pagar MRT Station,360.0,2114.29,https://www.propertyguru.com.sg/listing/for-sale-skysuites-anson-60073454,1.27464397804711,103.844741587315,8 ENGGOR STREET SKYSUITES@ANSON SINGAPORE 079718
60070096,Skysuites @ Anson,Sale,1490000.0,2,2,699,Lorraine Tan Yu Lin,24 Sep 2025,8 Enggor Street,EW15 Tanjong Pagar MRT Station,360.0,2131.62,https://www.propertyguru.com.sg/listing/for-sale-skysuites-anson-60070096,1.27464397804711,103.844741587315,8 ENGGOR STREET SKYSUITES@ANSON SINGAPORE 079718
25610602,Wallich Residence,Sale,3650000.0,2,2,1098,Brandon Koh,23 Sep 2025,3 Wallich Street,EW15 Tanjong Pagar MRT Station,210.0,3324.23,https://www.propertyguru.com.sg/listing/for-sale-wallich-residence-25610602,1.27711736000318,103.845790152215,3 WALLICH STREET WALLICH RESIDENCE SINGAPORE 078882
25635366,Skysuites @ Anson,Sale,2888888.0,3,2,1011,Wendeline Goh,23 Sep 2025,8 Enggor Street,EW15 Tanjong Pagar MRT Station,360.0,2857.46,https://www.propertyguru.com.sg/listing/for-sale-skysuites-anson-25635366,1.27464397804711,103.844741587315,8 ENGGOR STREET SKYSUITES@ANSON SINGAPORE 079718
21963427,The Beacon,Sale,2880000.0,3,3,1485,Max Maran,23 Sep 2025,130 Cantonment Road,EW16 Outram Park MRT Station,530.0,1939.39,https://www.propertyguru.com.sg/listing/for-sale-the-beacon-21963427,1.27587483521415,103.840480994349,130 CANTONMENT ROAD THE BEACON SINGAPORE 089775
60030244,Spottiswoode Residences,Sale,2388000.0,2,2,915,Katherine Lim,23 Sep 2025,48 Spottiswoode Park Road,EW16 Outram Park MRT Station,820.0,2609.84,https://www.propertyguru.com.sg/listing/for-sale-spottiswoode-residences-60030244,1.27527115223131,103.83683222505,48 SPOTTISWOODE PARK ROAD SPOTTISWOODE RESIDENCES SINGAPORE 088660
21159043,Eon Shenton,Sale,1850000.0,2,1,1045,Heng Heng,23 Sep 2025,70 Shenton Way,EW15 Tanjong Pagar MRT Station,350.0,1770.33,https://www.propertyguru.com.sg/listing/for-sale-eon-shenton-21159043,1.27388660363944,103.846235542245,70 SHENTON WAY EON SHENTON SINGAPORE 079118
60043136,Sky Everton,Sale,1400000.0,1,1,463,Joseph Lim ææå©,23 Sep 2025,50 Everton Road,EW16 Outram Park MRT Station,680.0,3023.76,https://www.propertyguru.com.sg/listing/for-sale-sky-everton-60043136,1.27588976787545,103.838151709122,50 EVERTON ROAD SKY EVERTON SINGAPORE 089396
60126996,One Bernam,Sale,1398888.0,1,1,463,K.S Tan,23 Sep 2025,1 Bernam Street,EW15 Tanjong Pagar MRT Station,500.0,3021.36,https://www.propertyguru.com.sg/listing/for-sale-one-bernam-60126996,1.27387393481116,103.84368501577,1 BERNAM STREET ONE BERNAM (U/C) SINGAPORE 078852
60079658,Spottiswoode Residences,Sale,2399999.0,2,2,926,Gernie Leow,22 Sep 2025,48 Spottiswoode Park Road,EW16 Outram Park MRT Station,820.0,2591.79,https://www.propertyguru.com.sg/listing/for-sale-spottiswoode-residences-60079658,1.27527115223131,103.83683222505,48 SPOTTISWOODE PARK ROAD SPOTTISWOODE RESIDENCES SINGAPORE 088660
60019179,Wallich Residence,Sale,3980000.0,3,2,1195,Jimmy T C Chan,22 Sep 2025,3 Wallich Street,EW15 Tanjong Pagar MRT Station,210.0,3330.54,https://www.propertyguru.com.sg/listing/for-sale-wallich-residence-60019179,1.27711736000318,103.845790152215,3 WALLICH STREET WALLICH RESIDENCE SINGAPORE 078882
24709134,Eon Shenton,Sale,1950000.0,2,2,947,June Leng Yee Hoe,21 Sep 2025,70 Shenton Way,EW15 Tanjong Pagar MRT Station,350.0,2059.13,https://www.propertyguru.com.sg/listing/for-sale-eon-shenton-24709134,1.27388660363944,103.846235542245,70 SHENTON WAY EON SHENTON SINGAPORE 079118
21526716,Altez,Sale,1388000.0,1,1,603,Jasmine Chan,20 Sep 2025,16 Enggor Street,EW15 Tanjong Pagar MRT Station,400.0,2301.82,https://www.propertyguru.com.sg/listing/for-sale-altez-21526716,1.27461794103822,103.844319553688,16 ENGGOR STREET ALTEZ SINGAPORE 079717
24820119,Spottiswoode Residences,Sale,2400000.0,2,2,926,Clarie Lim,20 Sep 2025,48 Spottiswoode Park Road,EW16 Outram Park MRT Station,820.0,2591.79,https://www.propertyguru.com.sg/listing/for-sale-spottiswoode-residences-24820119,1.27527115223131,103.83683222505,48 SPOTTISWOODE PARK ROAD SPOTTISWOODE RESIDENCES SINGAPORE 088660
23323649,Skysuites @ Anson,Sale,888888.0,-1,1,365,Keith Yong,20 Sep 2025,8 Enggor Street,EW15 Tanjong Pagar MRT Station,360.0,2435.31,https://www.propertyguru.com.sg/listing/for-sale-skysuites-anson-23323649,1.27464397804711,103.844741587315,8 ENGGOR STREET SKYSUITES@ANSON SINGAPORE 079718
25336661,Eon Shenton,Sale,1781000.0,2,1,1087,Joy Toh,20 Sep 2025,70 Shenton Way,EW15 Tanjong Pagar MRT Station,350.0,1638.45,https://www.propertyguru.com.sg/listing/for-sale-eon-shenton-25336661,1.27388660363944,103.846235542245,70 SHENTON WAY EON SHENTON SINGAPORE 079118
60054654,Skysuites @ Anson,Sale,1050000.0,1,1,398,Kristy Chan éå¦¹ä»½,20 Sep 2025,8 Enggor Street,EW15 Tanjong Pagar MRT Station,360.0,2638.19,https://www.propertyguru.com.sg/listing/for-sale-skysuites-anson-60054654,1.27464397804711,103.844741587315,8 ENGGOR STREET SKYSUITES@ANSON SINGAPORE 079718
25129426,Altez,Sale,1538000.0,1,1,861,Janet Leong,20 Sep 2025,16 Enggor Street,EW15 Tanjong Pagar MRT Station,400.0,1786.3,https://www.propertyguru.com.sg/listing/for-sale-altez-25129426,1.27461794103822,103.844319553688,16 ENGGOR STREET ALTEZ SINGAPORE 079717
60113482,Wallich Residence,Sale,3980000.0,3,2,1195,Valerie Tan,19 Sep 2025,3 Wallich Street,EW15 Tanjong Pagar MRT Station,210.0,3330.54,https://www.propertyguru.com.sg/listing/for-sale-wallich-residence-60113482,1.27711736000318,103.845790152215,3 WALLICH STREET WALLICH RESIDENCE SINGAPORE 078882
25533143,Wallich Residence,Sale,1900000.0,1,1,614,Robin Loh K.B. ç½åå½¬,19 Sep 2025,3 Wallich Street,EW15 Tanjong Pagar MRT Station,210.0,3094.46,https://www.propertyguru.com.sg/listing/for-sale-wallich-residence-25533143,1.27711736000318,103.845790152215,3 WALLICH STREET WALLICH RESIDENCE SINGAPORE 078882
60029833,Spottiswoode Residences,Sale,2388000.0,2,2,915,Eugene Koh è®¸å¹æ°,19 Sep 2025,48 Spottiswoode Park Road,EW16 Outram Park MRT Station,820.0,2609.84,https://www.propertyguru.com.sg/listing/for-sale-spottiswoode-residences-60029833,1.27527115223131,103.83683222505,48 SPOTTISWOODE PARK ROAD SPOTTISWOODE RESIDENCES SINGAPORE 088660
23390245,Wallich Residence,Sale,2100000.0,1,1,614,Jaeson Lin ææç,19 Sep 2025,3 Wallich Street,EW15 Tanjong Pagar MRT Station,210.0,3420.2,https://www.propertyguru.com.sg/listing/for-sale-wallich-residence-23390245,1.27711736000318,103.845790152215,3 WALLICH STREET WALLICH RESIDENCE SINGAPORE 078882
60016385,Spottiswoode 18,Sale,1250000.0,2,1,506,Sze Chern Tay,18 Sep 2025,18 Spottiswoode Park Road,EW16 Outram Park MRT Station,740.0,2470.36,https://www.propertyguru.com.sg/listing/for-sale-spottiswoode-18-60016385,1.27559528527257,103.837559859708,18 SPOTTISWOODE PARK ROAD SPOTTISWOODE 18 SINGAPORE 088642
60090408,Spottiswoode Residences,Sale,1390000.0,1,1,603,Betty Ow,24 Sep 2025,48 Spottiswoode Park Road,EW16 Outram Park MRT Station,820.0,2305.14,https://www.propertyguru.com.sg/listing/for-sale-spottiswoode-residences-60090408,1.27527115223131,103.83683222505,48 SPOTTISWOODE PARK ROAD SPOTTISWOODE RESIDENCES SINGAPORE 088660
21059058,Spottiswoode Residences,Sale,1330000.0,1,1,603,Benny Lim Kok Boon,24 Sep 2025,48 Spottiswoode Park Road,EW16 Outram Park MRT Station,820.0,2205.64,https://www.propertyguru.com.sg/listing/for-sale-spottiswoode-residences-21059058,1.27527115223131,103.83683222505,48 SPOTTISWOODE PARK ROAD SPOTTISWOODE RESIDENCES SINGAPORE 088660
22229023,Altez,Sale,2250000.0,2,2,1012,Sam Chin,24 Sep 2025,16 Enggor Street,EW15 Tanjong Pagar MRT Station,400.0,2223.32,https://www.propertyguru.com.sg/listing/for-sale-altez-22229023,1.27461794103822,103.844319553688,16 ENGGOR STREET ALTEZ SINGAPORE 079717
60043896,Spottiswoode 18,Sale,980000.0,1,1,387,Cyril Tuzemen,24 Sep 2025,18 Spottiswoode Park Road,EW16 Outram Park MRT Station,740.0,2532.3,https://www.propertyguru.com.sg/listing/for-sale-spottiswoode-18-60043896,1.27559528527257,103.837559859708,18 SPOTTISWOODE PARK ROAD SPOTTISWOODE 18 SINGAPORE 088642
24008043,Skysuites @ Anson,Sale,1600000.0,2,2,700,Jill Sim,23 Sep 2025,8 Enggor Street,EW15 Tanjong Pagar MRT Station,360.0,2285.71,https://www.propertyguru.com.sg/listing/for-sale-skysuites-anson-24008043,1.27464397804711,103.844741587315,8 ENGGOR STREET SKYSUITES@ANSON SINGAPORE 079718
24791160,Eon Shenton,Sale,1550000.0,2,1,603,Wendeline Goh,23 Sep 2025,70 Shenton Way,EW15 Tanjong Pagar MRT Station,350.0,2570.48,https://www.propertyguru.com.sg/listing/for-sale-eon-shenton-24791160,1.27388660363944,103.846235542245,70 SHENTON WAY EON SHENTON SINGAPORE 079118
25056036,Eon Shenton,Sale,1800000.0,2,2,947,Lynn Tan,23 Sep 2025,70 Shenton Way,EW15 Tanjong Pagar MRT Station,350.0,1900.74,https://www.propertyguru.com.sg/listing/for-sale-eon-shenton-25056036,1.27388660363944,103.846235542245,70 SHENTON WAY EON SHENTON SINGAPORE 079118
25613200,International Plaza,Sale,1468000.0,2,2,1033,Roland Tai,23 Sep 2025,10 Anson Road,EW15 Tanjong Pagar MRT Station,100.0,1421.1,https://www.propertyguru.com.sg/listing/for-sale-international-plaza-25613200,1.27588674266836,103.845923793168,10 ANSON ROAD INTERNATIONAL PLAZA SINGAPORE 079903
25628502,Icon,Sale,1338000.0,1,1,700,Suryani Haryono,22 Sep 2025,10 Gopeng Street,EW15 Tanjong Pagar MRT Station,310.0,1911.43,https://www.propertyguru.com.sg/listing/for-sale-icon-25628502,1.27516997523174,103.844496312645,12 GOPENG STREET ICON SINGAPORE 078877
16444751,Spottiswoode Residences,Sale,2280000.0,2,2,926,Benny Lim Kok Boon,22 Sep 2025,48 Spottiswoode Park Road,EW16 Outram Park MRT Station,820.0,2462.2,https://www.propertyguru.com.sg/listing/for-sale-spottiswoode-residences-16444751,1.27527115223131,103.83683222505,48 SPOTTISWOODE PARK ROAD SPOTTISWOODE RESIDENCES SINGAPORE 088660
23853144,Spottiswoode Residences,Sale,2350000.0,2,2,936,Benny Lim Kok Boon,22 Sep 2025,48 Spottiswoode Park Road,EW16 Outram Park MRT Station,820.0,2510.68,https://www.propertyguru.com.sg/listing/for-sale-spottiswoode-residences-23853144,1.27527115223131,103.83683222505,48 SPOTTISWOODE PARK ROAD SPOTTISWOODE RESIDENCES SINGAPORE 088660
24331961,Skysuites @ Anson,Sale,899000.0,1,1,398,Evelyn Tan,22 Sep 2025,8 Enggor Street,EW15 Tanjong Pagar MRT Station,360.0,2258.79,https://www.propertyguru.com.sg/listing/for-sale-skysuites-anson-24331961,1.27464397804711,103.844741587315,8 ENGGOR STREET SKYSUITES@ANSON SINGAPORE 079718
23786968,Spottiswoode Suites,Sale,1045000.0,1,1,452,Florence Tham,22 Sep 2025,16 Spottiswoode Park Road,EW16 Outram Park MRT Station,680.0,2311.95,https://www.propertyguru.com.sg/listing/for-sale-spottiswoode-suites-23786968,1.27603511606189,103.837502046362,16 SPOTTISWOODE PARK ROAD SPOTTISWOODE SUITES SINGAPORE 088661
24409805,Wallich Residence,Sale,3488888.0,3,2,1098,Aric Lim,22 Sep 2025,3 Wallich Street,EW15 Tanjong Pagar MRT Station,210.0,3177.49,https://www.propertyguru.com.sg/listing/for-sale-wallich-residence-24409805,1.27711736000318,103.845790152215,3 WALLICH STREET WALLICH RESIDENCE SINGAPORE 078882
60103656,Spottiswoode Suites,Sale,1049000.0,1,1,441,Claudia Lim,22 Sep 2025,16 Spottiswoode Park Road,EW16 Outram Park MRT Station,680.0,2378.68,https://www.propertyguru.com.sg/listing/for-sale-spottiswoode-suites-60103656,1.27603511606189,103.837502046362,16 SPOTTISWOODE PARK ROAD SPOTTISWOODE SUITES SINGAPORE 088661
21960306,Sky Everton,Sale,1349000.0,1,1,463,Patricia Chua,21 Sep 2025,50 Everton Road,EW16 Outram Park MRT Station,680.0,2913.61,https://www.propertyguru.com.sg/listing/for-sale-sky-everton-21960306,1.27588976787545,103.838151709122,50 EVERTON ROAD SKY EVERTON SINGAPORE 089396
60061949,Altez,Sale,1600000.0,1,2,839,Jed Lin æä¿é,21 Sep 2025,16 Enggor Street,EW15 Tanjong Pagar MRT Station,400.0,1907.03,https://www.propertyguru.com.sg/listing/for-sale-altez-60061949,1.27461794103822,103.844319553688,16 ENGGOR STREET ALTEZ SINGAPORE 079717
21721990,Spottiswoode 18,Sale,960000.0,1,1,387,Benny Lim Kok Boon,20 Sep 2025,18 Spottiswoode Park Road,EW16 Outram Park MRT Station,740.0,2480.62,https://www.propertyguru.com.sg/listing/for-sale-spottiswoode-18-21721990,1.27559528527257,103.837559859708,18 SPOTTISWOODE PARK ROAD SPOTTISWOODE 18 SINGAPORE 088642
24646696,Skysuites @ Anson,Sale,2690000.0,3,2,1011,Wilson Ng,20 Sep 2025,8 Enggor Street,EW15 Tanjong Pagar MRT Station,360.0,2660.73,https://www.propertyguru.com.sg/listing/for-sale-skysuites-anson-24646696,1.27464397804711,103.844741587315,8 ENGGOR STREET SKYSUITES@ANSON SINGAPORE 079718
22497314,Eon Shenton,Sale,2000000.0,3,2,786,King Tang,19 Sep 2025,70 Shenton Way,EW15 Tanjong Pagar MRT Station,350.0,2544.53,https://www.propertyguru.com.sg/listing/for-sale-eon-shenton-22497314,1.27388660363944,103.846235542245,70 SHENTON WAY EON SHENTON SINGAPORE 079118
60121563,Sky Everton,Sale,2100000.0,2,2,657,Jeff Hong,19 Sep 2025,50 Everton Road,EW16 Outram Park MRT Station,680.0,3196.35,https://www.propertyguru.com.sg/listing/for-sale-sky-everton-60121563,1.27588976787545,103.838151709122,50 EVERTON ROAD SKY EVERTON SINGAPORE 089396
24476735,Spottiswoode Residences,Sale,1400000.0,1,1,592,Victor Tan,18 Sep 2025,48 Spottiswoode Park Road,EW16 Outram Park MRT Station,820.0,2364.86,https://www.propertyguru.com.sg/listing/for-sale-spottiswoode-residences-24476735,1.27527115223131,103.83683222505,48 SPOTTISWOODE PARK ROAD SPOTTISWOODE RESIDENCES SINGAPORE 088660
25501931,Spottiswoode 18,Sale,980000.0,1,1,388,Javier Ng é»åå¥,18 Sep 2025,18 Spottiswoode Park Road,EW16 Outram Park MRT Station,740.0,2525.77,https://www.propertyguru.com.sg/listing/for-sale-spottiswoode-18-25501931,1.27559528527257,103.837559859708,18 SPOTTISWOODE PARK ROAD SPOTTISWOODE 18 SINGAPORE 088642
60102425,Altez,Sale,2350000.0,2,2,1012,Joseph Khoo,24 Sep 2025,16 Enggor Street,EW15 Tanjong Pagar MRT Station,400.0,2322.13,https://www.propertyguru.com.sg/listing/for-sale-altez-60102425,1.27461794103822,103.844319553688,16 ENGGOR STREET ALTEZ SINGAPORE 079717
60069773,Skysuites @ Anson,Sale,949000.0,1,1,398,Anthea Yeo æ¨ä¸½å¨,23 Sep 2025,8 Enggor Street,EW15 Tanjong Pagar MRT Station,360.0,2384.42,https://www.propertyguru.com.sg/listing/for-sale-skysuites-anson-60069773,1.27464397804711,103.844741587315,8 ENGGOR STREET SKYSUITES@ANSON SINGAPORE 079718
25022102,Skysuites @ Anson,Sale,978000.0,1,1,398,Joe Tan,22 Sep 2025,8 Enggor Street,EW15 Tanjong Pagar MRT Station,360.0,2457.29,https://www.propertyguru.com.sg/listing/for-sale-skysuites-anson-25022102,1.27464397804711,103.844741587315,8 ENGGOR STREET SKYSUITES@ANSON SINGAPORE 079718
60030353,Skysuites @ Anson,Sale,1100000.0,1,1,398,June Ling,22 Sep 2025,8 Enggor Street,EW15 Tanjong Pagar MRT Station,360.0,2763.82,https://www.propertyguru.com.sg/listing/for-sale-skysuites-anson-60030353,1.27464397804711,103.844741587315,8 ENGGOR STREET SKYSUITES@ANSON SINGAPORE 079718
24681876,Sky Everton,Sale,1350000.0,1,1,463,Tan Yue Ni,24 Sep 2025,50 Everton Road,EW16 Outram Park MRT Station,680.0,2915.77,https://www.propertyguru.com.sg/listing/for-sale-sky-everton-24681876,1.27588976787545,103.838151709122,50 EVERTON ROAD SKY EVERTON SINGAPORE 089396
60113399,Eon Shenton,Sale,1400000.0,2,1,603,Amanda Ng,24 Sep 2025,70 Shenton Way,EW15 Tanjong Pagar MRT Station,350.0,2321.72,https://www.propertyguru.com.sg/listing/for-sale-eon-shenton-60113399,1.27388660363944,103.846235542245,70 SHENTON WAY EON SHENTON SINGAPORE 079118
24274787,Skysuites @ Anson,Sale,1600000.0,2,2,667,Vendy Lie,24 Sep 2025,8 Enggor Street,EW15 Tanjong Pagar MRT Station,360.0,2398.8,https://www.propertyguru.com.sg/listing/for-sale-skysuites-anson-24274787,1.27464397804711,103.844741587315,8 ENGGOR STREET SKYSUITES@ANSON SINGAPORE 079718
25413277,One Bernam,Sale,1950000.0,2,1,732,Jolene Zhong,24 Sep 2025,1 Bernam Street,EW15 Tanjong Pagar MRT Station,500.0,2663.93,https://www.propertyguru.com.sg/listing/for-sale-one-bernam-25413277,1.27387393481116,103.84368501577,1 BERNAM STREET ONE BERNAM (U/C) SINGAPORE 078852
25102452,Spottiswoode Suites,Sale,1058000.0,1,1,452,Lex Lim æåéº,24 Sep 2025,16 Spottiswoode Park Road,EW16 Outram Park MRT Station,680.0,2340.71,https://www.propertyguru.com.sg/listing/for-sale-spottiswoode-suites-25102452,1.27603511606189,103.837502046362,16 SPOTTISWOODE PARK ROAD SPOTTISWOODE SUITES SINGAPORE 088661
60008872,One Bernam,Sale,2000000.0,2,1,732,Kelvin Lim,24 Sep 2025,1 Bernam Street,EW15 Tanjong Pagar MRT Station,500.0,2732.24,https://www.propertyguru.com.sg/listing/for-sale-one-bernam-60008872,1.27387393481116,103.84368501577,1 BERNAM STREET ONE BERNAM (U/C) SINGAPORE 078852
21236041,Spottiswoode Residences,Sale,1380000.0,1,1,592,Benny Lim Kok Boon,24 Sep 2025,48 Spottiswoode Park Road,EW16 Outram Park MRT Station,820.0,2331.08,https://www.propertyguru.com.sg/listing/for-sale-spottiswoode-residences-21236041,1.27527115223131,103.83683222505,48 SPOTTISWOODE PARK ROAD SPOTTISWOODE RESIDENCES SINGAPORE 088660
21273765,Spottiswoode Residences,Sale,2050000.0,2,2,797,Benny Lim Kok Boon,24 Sep 2025,48 Spottiswoode Park Road,EW16 Outram Park MRT Station,820.0,2572.15,https://www.propertyguru.com.sg/listing/for-sale-spottiswoode-residences-21273765,1.27527115223131,103.83683222505,48 SPOTTISWOODE PARK ROAD SPOTTISWOODE RESIDENCES SINGAPORE 088660
20112215,Spottiswoode 18,Sale,970000.0,1,1,387,David Lim æä¼è¾¾,24 Sep 2025,18 Spottiswoode Park Road,EW16 Outram Park MRT Station,740.0,2506.46,https://www.propertyguru.com.sg/listing/for-sale-spottiswoode-18-20112215,1.27559528527257,103.837559859708,18 SPOTTISWOODE PARK ROAD SPOTTISWOODE 18 SINGAPORE 088642
25109105,Sky Everton,Sale,1338000.0,1,1,463,Esther Txe,24 Sep 2025,50 Everton Road,EW16 Outram Park MRT Station,680.0,2889.85,https://www.propertyguru.com.sg/listing/for-sale-sky-everton-25109105,1.27588976787545,103.838151709122,50 EVERTON ROAD SKY EVERTON SINGAPORE 089396
25508315,The Chuan Park Condo,Sale,3570000.0,4,3,1389,Daniel Kam çå¯è²¡,24 Sep 2025,Lorong Chuan MRT 1 to 5br  Condo etc,CC14 Lorong Chuan MRT Station,140.0,2570.19,https://www.propertyguru.com.sg/listing/for-sale-the-chuan-park-condo-25508315,,,
25515688,Sky Everton,Sale,1380000.0,1,1,463,Sam Chin,24 Sep 2025,50 Everton Road,EW16 Outram Park MRT Station,680.0,2980.56,https://www.propertyguru.com.sg/listing/for-sale-sky-everton-25515688,1.27588976787545,103.838151709122,50 EVERTON ROAD SKY EVERTON SINGAPORE 089396
25459451,Skysuites @ Anson,Sale,948000.0,1,1,366,Edwin Wee,24 Sep 2025,8 Enggor Street,EW15 Tanjong Pagar MRT Station,360.0,2590.16,https://www.propertyguru.com.sg/listing/for-sale-skysuites-anson-25459451,1.27464397804711,103.844741587315,8 ENGGOR STREET SKYSUITES@ANSON SINGAPORE 079718
60119249,Skysuites @ Anson,Sale,982000.0,1,1,365,Melvin Lo,24 Sep 2025,8 Enggor Street,EW15 Tanjong Pagar MRT Station,360.0,2690.41,https://www.propertyguru.com.sg/listing/for-sale-skysuites-anson-60119249,1.27464397804711,103.844741587315,8 ENGGOR STREET SKYSUITES@ANSON SINGAPORE 079718
25179479,Spottiswoode Suites,Sale,1150000.0,1,1,452,Vincent Tay,24 Sep 2025,16 Spottiswoode Park Road,EW16 Outram Park MRT Station,680.0,2544.25,https://www.propertyguru.com.sg/listing/for-sale-spottiswoode-suites-25179479,1.27603511606189,103.837502046362,16 SPOTTISWOODE PARK ROAD SPOTTISWOODE SUITES SINGAPORE 088661
24686328,Sky Everton,Sale,1999999.0,2,2,646,Vincent Tay,24 Sep 2025,50 Everton Road,EW16 Outram Park MRT Station,680.0,3095.97,https://www.propertyguru.com.sg/listing/for-sale-sky-everton-24686328,1.27588976787545,103.838151709122,50 EVERTON ROAD SKY EVERTON SINGAPORE 089396
60124449,Lumiere,Sale,1280000.0,1,1,678,Vincent Tay,24 Sep 2025,2 Mistri Road,EW15 Tanjong Pagar MRT Station,330.0,1887.91,https://www.propertyguru.com.sg/listing/for-sale-lumiere-60124449,1.27426245685335,103.846025087372,2 MISTRI ROAD LUMIERE SINGAPORE 079624
25503363,Wallich Residence,Sale,3650000.0,2,2,1098,Jonathan Hee,24 Sep 2025,3 Wallich Street,EW15 Tanjong Pagar MRT Station,210.0,3324.23,https://www.propertyguru.com.sg/listing/for-sale-wallich-residence-25503363,1.27711736000318,103.845790152215,3 WALLICH STREET WALLICH RESIDENCE SINGAPORE 078882
25632427,Wallich Residence,Sale,3650000.0,3,2,1098,Jonathan Hee,24 Sep 2025,3 Wallich Street,EW15 Tanjong Pagar MRT Station,210.0,3324.23,https://www.propertyguru.com.sg/listing/for-sale-wallich-residence-25632427,1.27711736000318,103.845790152215,3 WALLICH STREET WALLICH RESIDENCE SINGAPORE 078882
25297942,Spottiswoode Suites,Sale,2392626.0,2,2,1249,Lucas Leow,23 Sep 2025,16 Spottiswoode Park Road,EW16 Outram Park MRT Station,680.0,1915.63,https://www.propertyguru.com.sg/listing/for-sale-spottiswoode-suites-25297942,1.27603511606189,103.837502046362,16 SPOTTISWOODE PARK ROAD SPOTTISWOODE SUITES SINGAPORE 088661
60135593,Sky Everton,Sale,2000000.0,2,2,678,Daniel Wang,23 Sep 2025,50 Everton Road,EW16 Outram Park MRT Station,680.0,2949.85,https://www.propertyguru.com.sg/listing/for-sale-sky-everton-60135593,1.27588976787545,103.838151709122,50 EVERTON ROAD SKY EVERTON SINGAPORE 089396
25540763,76 Shenton,Sale,1220000.0,1,1,592,Lisa Chin,23 Sep 2025,76 Shenton Way,EW15 Tanjong Pagar MRT Station,390.0,2060.81,https://www.propertyguru.com.sg/listing/for-sale-76-shenton-25540763,1.2734661134853,103.845580792511,76 SHENTON WAY 76 SHENTON SINGAPORE 079119
25631055,Altez,Sale,1800000.0,2,2,829,Jamie Yoeng,23 Sep 2025,16 Enggor Street,EW15 Tanjong Pagar MRT Station,400.0,2171.29,https://www.propertyguru.com.sg/listing/for-sale-altez-25631055,1.27461794103822,103.844319553688,16 ENGGOR STREET ALTEZ SINGAPORE 079717
24915407,Spottiswoode Suites,Sale,1080000.0,1,1,452,Tyler Lee,23 Sep 2025,16 Spottiswoode Park Road,EW16 Outram Park MRT Station,680.0,2389.38,https://www.propertyguru.com.sg/listing/for-sale-spottiswoode-suites-24915407,1.27603511606189,103.837502046362,16 SPOTTISWOODE PARK ROAD SPOTTISWOODE SUITES SINGAPORE 088661
60135596,Spottiswoode Residences,Sale,1450000.0,1,1,624,Melody Tian,23 Sep 2025,48 Spottiswoode Park Road,EW16 Outram Park MRT Station,820.0,2323.72,https://www.propertyguru.com.sg/listing/for-sale-spottiswoode-residences-60135596,1.27527115223131,103.83683222505,48 SPOTTISWOODE PARK ROAD SPOTTISWOODE RESIDENCES SINGAPORE 088660
23966733,One Bernam,Sale,16332000.0,5,5,4306,Pauline Ong,23 Sep 2025,1 Bernam Street,EW15 Tanjong Pagar MRT Station,500.0,3792.85,https://www.propertyguru.com.sg/listing/for-sale-one-bernam-23966733,1.27387393481116,103.84368501577,1 BERNAM STREET ONE BERNAM (U/C) SINGAPORE 078852
25259019,Altez,Sale,1358888.0,1,1,527,Ben Siow,23 Sep 2025,16 Enggor Street,EW15 Tanjong Pagar MRT Station,400.0,2578.54,https://www.propertyguru.com.sg/listing/for-sale-altez-25259019,1.27461794103822,103.844319553688,16 ENGGOR STREET ALTEZ SINGAPORE 079717
25593184,Eon Shenton,Sale,1850000.0,2,1,1045,Tanto Soh,23 Sep 2025,70 Shenton Way,EW15 Tanjong Pagar MRT Station,350.0,1770.33,https://www.propertyguru.com.sg/listing/for-sale-eon-shenton-25593184,1.27388660363944,103.846235542245,70 SHENTON WAY EON SHENTON SINGAPORE 079118
60001198,Wallich Residence,Sale,6000000.0,3,3,1787,Matthew Lam,23 Sep 2025,3 Wallich Street,EW15 Tanjong Pagar MRT Station,210.0,3357.58,https://www.propertyguru.com.sg/listing/for-sale-wallich-residence-60001198,1.27711736000318,103.845790152215,3 WALLICH STREET WALLICH RESIDENCE SINGAPORE 078882
25266444,Wallich Residence,Sale,2800000.0,2,2,861,Darrel Mok,23 Sep 2025,3 Wallich Street,EW15 Tanjong Pagar MRT Station,210.0,3252.03,https://www.propertyguru.com.sg/listing/for-sale-wallich-residence-25266444,1.27711736000318,103.845790152215,3 WALLICH STREET WALLICH RESIDENCE SINGAPORE 078882
60090473,International Plaza,Sale,1480000.0,4,2,1033,Darrel Mok,23 Sep 2025,10 Anson Road,EW15 Tanjong Pagar MRT Station,100.0,1432.72,https://www.propertyguru.com.sg/listing/for-sale-international-plaza-60090473,1.27588674266836,103.845923793168,10 ANSON ROAD INTERNATIONAL PLAZA SINGAPORE 079903
25572042,Altez,Sale,1600000.0,1,1,840,Christina Tan,23 Sep 2025,16 Enggor Street,EW15 Tanjong Pagar MRT Station,400.0,1904.76,https://www.propertyguru.com.sg/listing/for-sale-altez-25572042,1.27461794103822,103.844319553688,16 ENGGOR STREET ALTEZ SINGAPORE 079717
60059414,Altez,Sale,1530000.0,1,2,840,Vernon Tan,23 Sep 2025,16 Enggor Street,EW15 Tanjong Pagar MRT Station,400.0,1821.43,https://www.propertyguru.com.sg/listing/for-sale-altez-60059414,1.27461794103822,103.844319553688,16 ENGGOR STREET ALTEZ SINGAPORE 079717
25516493,Icon,Sale,1248888.0,1,1,700,Shirley Ong çç§æ¦,23 Sep 2025,10 Gopeng Street,EW15 Tanjong Pagar MRT Station,310.0,1784.13,https://www.propertyguru.com.sg/listing/for-sale-icon-25516493,1.27516997523174,103.844496312645,12 GOPENG STREET ICON SINGAPORE 078877
25478124,Wallich Residence,Sale,7088000.0,4,4,1722,Jaeson Lin ææç,23 Sep 2025,3 Wallich Street,EW15 Tanjong Pagar MRT Station,210.0,4116.14,https://www.propertyguru.com.sg/listing/for-sale-wallich-residence-25478124,1.27711736000318,103.845790152215,3 WALLICH STREET WALLICH RESIDENCE SINGAPORE 078882
21694665,Altez,Sale,1820000.0,2,2,829,Xie Ke ( è°¢å¯ï¼,23 Sep 2025,16 Enggor Street,EW15 Tanjong Pagar MRT Station,400.0,2195.42,https://www.propertyguru.com.sg/listing/for-sale-altez-21694665,1.27461794103822,103.844319553688,16 ENGGOR STREET ALTEZ SINGAPORE 079717
24478635,Skysuites @ Anson,Sale,908000.0,-1,1,365,Gelene Ong,23 Sep 2025,8 Enggor Street,EW15 Tanjong Pagar MRT Station,360.0,2487.67,https://www.propertyguru.com.sg/listing/for-sale-skysuites-anson-24478635,1.27464397804711,103.844741587315,8 ENGGOR STREET SKYSUITES@ANSON SINGAPORE 079718
25460441,Spottiswoode 18,Sale,980000.0,1,1,388,Wanni Chan éå¯é¢,23 Sep 2025,18 Spottiswoode Park Road,EW16 Outram Park MRT Station,740.0,2525.77,https://www.propertyguru.com.sg/listing/for-sale-spottiswoode-18-25460441,1.27559528527257,103.837559859708,18 SPOTTISWOODE PARK ROAD SPOTTISWOODE 18 SINGAPORE 088642
25194544,One Bernam,Sale,1446000.0,1,1,452,Roy Low,23 Sep 2025,1 Bernam Street,EW15 Tanjong Pagar MRT Station,500.0,3199.12,https://www.propertyguru.com.sg/listing/for-sale-one-bernam-25194544,1.27387393481116,103.84368501577,1 BERNAM STREET ONE BERNAM (U/C) SINGAPORE 078852
60087117,Sky Everton,Sale,1338000.0,1,1,463,Bryant Tan Zhi Yong,22 Sep 2025,50 Everton Road,EW16 Outram Park MRT Station,680.0,2889.85,https://www.propertyguru.com.sg/listing/for-sale-sky-everton-60087117,1.27588976787545,103.838151709122,50 EVERTON ROAD SKY EVERTON SINGAPORE 089396
25398269,Skysuites @ Anson,Sale,1500000.0,2,2,667,Yen Suan Lim,22 Sep 2025,8 Enggor Street,EW15 Tanjong Pagar MRT Station,360.0,2248.88,https://www.propertyguru.com.sg/listing/for-sale-skysuites-anson-25398269,1.27464397804711,103.844741587315,8 ENGGOR STREET SKYSUITES@ANSON SINGAPORE 079718
60052366,One Bernam,Sale,1988888.0,2,1,700,Alina Tan,22 Sep 2025,1 Bernam Street,EW15 Tanjong Pagar MRT Station,500.0,2841.27,https://www.propertyguru.com.sg/listing/for-sale-one-bernam-60052366,1.27387393481116,103.84368501577,1 BERNAM STREET ONE BERNAM (U/C) SINGAPORE 078852
60097416,One Bernam,Sale,1250000.0,1,1,441,Desmond Ang,22 Sep 2025,1 Bernam Street,EW15 Tanjong Pagar MRT Station,500.0,2834.47,https://www.propertyguru.com.sg/listing/for-sale-one-bernam-60097416,1.27387393481116,103.84368501577,1 BERNAM STREET ONE BERNAM (U/C) SINGAPORE 078852
25571649,Spottiswoode Residences,Sale,1390000.0,1,1,603,Peggy Wang,22 Sep 2025,48 Spottiswoode Park Road,EW16 Outram Park MRT Station,820.0,2305.14,https://www.propertyguru.com.sg/listing/for-sale-spottiswoode-residences-25571649,1.27527115223131,103.83683222505,48 SPOTTISWOODE PARK ROAD SPOTTISWOODE RESIDENCES SINGAPORE 088660
25100633,Spottiswoode Suites,Sale,1058000.0,1,1,452,Wayne Choy,22 Sep 2025,16 Spottiswoode Park Road,EW16 Outram Park MRT Station,680.0,2340.71,https://www.propertyguru.com.sg/listing/for-sale-spottiswoode-suites-25100633,1.27603511606189,103.837502046362,16 SPOTTISWOODE PARK ROAD SPOTTISWOODE SUITES SINGAPORE 088661
25284653,Wallich Residence,Sale,2030000.0,1,1,614,David Foo,22 Sep 2025,3 Wallich Street,EW15 Tanjong Pagar MRT Station,210.0,3306.19,https://www.propertyguru.com.sg/listing/for-sale-wallich-residence-25284653,1.27711736000318,103.845790152215,3 WALLICH STREET WALLICH RESIDENCE SINGAPORE 078882
25547157,Spottiswoode Suites,Sale,1099000.0,1,1,441,Warren Chan,22 Sep 2025,16 Spottiswoode Park Road,EW16 Outram Park MRT Station,680.0,2492.06,https://www.propertyguru.com.sg/listing/for-sale-spottiswoode-suites-25547157,1.27603511606189,103.837502046362,16 SPOTTISWOODE PARK ROAD SPOTTISWOODE SUITES SINGAPORE 088661
25572035,Altez,Sale,1600000.0,1,1,840,Lyndon Leong,22 Sep 2025,16 Enggor Street,EW15 Tanjong Pagar MRT Station,400.0,1904.76,https://www.propertyguru.com.sg/listing/for-sale-altez-25572035,1.27461794103822,103.844319553688,16 ENGGOR STREET ALTEZ SINGAPORE 079717
60085902,One Bernam,Sale,1350000.0,1,1,463,Alan Tian,22 Sep 2025,1 Bernam Street,EW15 Tanjong Pagar MRT Station,500.0,2915.77,https://www.propertyguru.com.sg/listing/for-sale-one-bernam-60085902,1.27387393481116,103.84368501577,1 BERNAM STREET ONE BERNAM (U/C) SINGAPORE 078852
60133415,Spottiswoode 18,Sale,1720000.0,2,2,657,Andrew Wong,21 Sep 2025,18 Spottiswoode Park Road,EW16 Outram Park MRT Station,740.0,2617.96,https://www.propertyguru.com.sg/listing/for-sale-spottiswoode-18-60133415,1.27559528527257,103.837559859708,18 SPOTTISWOODE PARK ROAD SPOTTISWOODE 18 SINGAPORE 088642
24834583,Wallich Residence,Sale,5000000.0,3,3,1710,Yunfan Lu,21 Sep 2025,3 Wallich Street,EW15 Tanjong Pagar MRT Station,210.0,2923.98,https://www.propertyguru.com.sg/listing/for-sale-wallich-residence-24834583,1.27711736000318,103.845790152215,3 WALLICH STREET WALLICH RESIDENCE SINGAPORE 078882
25100691,Spottiswoode Suites,Sale,1058000.0,1,1,452,Kelly Tai,21 Sep 2025,16 Spottiswoode Park Road,EW16 Outram Park MRT Station,680.0,2340.71,https://www.propertyguru.com.sg/listing/for-sale-spottiswoode-suites-25100691,1.27603511606189,103.837502046362,16 SPOTTISWOODE PARK ROAD SPOTTISWOODE SUITES SINGAPORE 088661
60093363,Sky Everton,Sale,2100000.0,2,2,678,Catherine Chua,21 Sep 2025,50 Everton Road,EW16 Outram Park MRT Station,680.0,3097.35,https://www.propertyguru.com.sg/listing/for-sale-sky-everton-60093363,1.27588976787545,103.838151709122,50 EVERTON ROAD SKY EVERTON SINGAPORE 089396
25625882,Altez,Sale,5142000.0,3,4,1561,Dave Ng,21 Sep 2025,16 Enggor Street,EW15 Tanjong Pagar MRT Station,400.0,3294.04,https://www.propertyguru.com.sg/listing/for-sale-altez-25625882,1.27461794103822,103.844319553688,16 ENGGOR STREET ALTEZ SINGAPORE 079717
24741156,Altez,Sale,1680000.0,1,1,861,Gelene Ong,21 Sep 2025,16 Enggor Street,EW15 Tanjong Pagar MRT Station,400.0,1951.22,https://www.propertyguru.com.sg/listing/for-sale-altez-24741156,1.27461794103822,103.844319553688,16 ENGGOR STREET ALTEZ SINGAPORE 079717
25560301,Sky Everton,Sale,1500000.0,1,1,592,Gina Tow,21 Sep 2025,50 Everton Road,EW16 Outram Park MRT Station,680.0,2533.78,https://www.propertyguru.com.sg/listing/for-sale-sky-everton-25560301,1.27588976787545,103.838151709122,50 EVERTON ROAD SKY EVERTON SINGAPORE 089396
60008637,Sky Everton,Sale,7800000.0,5,6,2228,Brandon Chia,21 Sep 2025,50 Everton Road,EW16 Outram Park MRT Station,680.0,3500.9,https://www.propertyguru.com.sg/listing/for-sale-sky-everton-60008637,1.27588976787545,103.838151709122,50 EVERTON ROAD SKY EVERTON SINGAPORE 089396
25574969,Spottiswoode Suites,Sale,2399888.0,1,2,1249,Lim Sheng Loo,20 Sep 2025,16 Spottiswoode Park Road,EW16 Outram Park MRT Station,680.0,1921.45,https://www.propertyguru.com.sg/listing/for-sale-spottiswoode-suites-25574969,1.27603511606189,103.837502046362,16 SPOTTISWOODE PARK ROAD SPOTTISWOODE SUITES SINGAPORE 088661
25065952,One Bernam,Sale,1280000.0,1,1,441,Matthew Kengo Iwami è´¤æ,20 Sep 2025,1 Bernam Street,EW15 Tanjong Pagar MRT Station,500.0,2902.49,https://www.propertyguru.com.sg/listing/for-sale-one-bernam-25065952,1.27387393481116,103.84368501577,1 BERNAM STREET ONE BERNAM (U/C) SINGAPORE 078852
25506706,Spottiswoode Suites,Sale,2100000.0,2,2,840,Carrie Chin çç¶,20 Sep 2025,16 Spottiswoode Park Road,EW16 Outram Park MRT Station,680.0,2500.0,https://www.propertyguru.com.sg/listing/for-sale-spottiswoode-suites-25506706,1.27603511606189,103.837502046362,16 SPOTTISWOODE PARK ROAD SPOTTISWOODE SUITES SINGAPORE 088661
25322262,Beautiful and Spacious Penthouse in Prime CBD,Sale,12000000.0,4,4,5091,Vivien Tan,20 Sep 2025,Mistri Road / Marina Bay,EW15 Tanjong Pagar MRT Station,250.0,2357.1,https://www.propertyguru.com.sg/listing/for-sale-beautiful-and-spacious-penthouse-in-prime-cbd-25322262,,,
60081187,Wallich Residence,Sale,3999999.0,3,2,1195,Richard Tan éé¡ºæ,20 Sep 2025,3 Wallich Street,EW15 Tanjong Pagar MRT Station,210.0,3347.28,https://www.propertyguru.com.sg/listing/for-sale-wallich-residence-60081187,1.27711736000318,103.845790152215,3 WALLICH STREET WALLICH RESIDENCE SINGAPORE 078882
24777402,Altez,Sale,1680000.0,1,1,861,Jimme Pang,20 Sep 2025,16 Enggor Street,EW15 Tanjong Pagar MRT Station,400.0,1951.22,https://www.propertyguru.com.sg/listing/for-sale-altez-24777402,1.27461794103822,103.844319553688,16 ENGGOR STREET ALTEZ SINGAPORE 079717
60132046,Wallich Residence,Sale,3980000.0,3,2,1195,Tan Pei Cheng (Pei),20 Sep 2025,3 Wallich Street,EW15 Tanjong Pagar MRT Station,210.0,3330.54,https://www.propertyguru.com.sg/listing/for-sale-wallich-residence-60132046,1.27711736000318,103.845790152215,3 WALLICH STREET WALLICH RESIDENCE SINGAPORE 078882
60131779,76 Shenton,Sale,1280000.0,1,1,592,Indira Malinda,19 Sep 2025,76 Shenton Way,EW15 Tanjong Pagar MRT Station,390.0,2162.16,https://www.propertyguru.com.sg/listing/for-sale-76-shenton-60131779,1.2734661134853,103.845580792511,76 SHENTON WAY 76 SHENTON SINGAPORE 079119
24332451,Eon Shenton,Sale,2479000.0,3,2,1249,Nichole Wong,19 Sep 2025,70 Shenton Way,EW15 Tanjong Pagar MRT Station,350.0,1984.79,https://www.propertyguru.com.sg/listing/for-sale-eon-shenton-24332451,1.27388660363944,103.846235542245,70 SHENTON WAY EON SHENTON SINGAPORE 079118
24976986,Eon Shenton,Sale,1900000.0,2,1,1044,Nichole Wong,19 Sep 2025,70 Shenton Way,EW15 Tanjong Pagar MRT Station,350.0,1819.92,https://www.propertyguru.com.sg/listing/for-sale-eon-shenton-24976986,1.27388660363944,103.846235542245,70 SHENTON WAY EON SHENTON SINGAPORE 079118
25425402,Spottiswoode Suites,Sale,1600000.0,2,2,581,Roqy Koh R C,19 Sep 2025,16 Spottiswoode Park Road,EW16 Outram Park MRT Station,680.0,2753.87,https://www.propertyguru.com.sg/listing/for-sale-spottiswoode-suites-25425402,1.27603511606189,103.837502046362,16 SPOTTISWOODE PARK ROAD SPOTTISWOODE SUITES SINGAPORE 088661
60131394,Skysuites @ Anson,Sale,988888.0,-1,1,365,Jae Chin,19 Sep 2025,8 Enggor Street,EW15 Tanjong Pagar MRT Station,360.0,2709.28,https://www.propertyguru.com.sg/listing/for-sale-skysuites-anson-60131394,1.27464397804711,103.844741587315,8 ENGGOR STREET SKYSUITES@ANSON SINGAPORE 079718
60113127,Wallich Residence,Sale,3980000.0,3,2,1195,Wang Jing,19 Sep 2025,3 Wallich Street,EW15 Tanjong Pagar MRT Station,210.0,3330.54,https://www.propertyguru.com.sg/listing/for-sale-wallich-residence-60113127,1.27711736000318,103.845790152215,3 WALLICH STREET WALLICH RESIDENCE SINGAPORE 078882
23966418,Altez,Sale,2299999.0,2,2,1012,Annette Ang,19 Sep 2025,16 Enggor Street,EW15 Tanjong Pagar MRT Station,400.0,2272.73,https://www.propertyguru.com.sg/listing/for-sale-altez-23966418,1.27461794103822,103.844319553688,16 ENGGOR STREET ALTEZ SINGAPORE 079717
60131192,Icon,Sale,1300000.0,1,1,657,Silvia Yang,19 Sep 2025,10 Gopeng Street,EW15 Tanjong Pagar MRT Station,310.0,1978.69,https://www.propertyguru.com.sg/listing/for-sale-icon-60131192,1.27516997523174,103.844496312645,12 GOPENG STREET ICON SINGAPORE 078877
19035984,Skysuites @ Anson,Sale,970000.0,-1,1,365,Hooi Cheng How,19 Sep 2025,8 Enggor Street,EW15 Tanjong Pagar MRT Station,360.0,2657.53,https://www.propertyguru.com.sg/listing/for-sale-skysuites-anson-19035984,1.27464397804711,103.844741587315,8 ENGGOR STREET SKYSUITES@ANSON SINGAPORE 079718
25583403,Skysuites @ Anson,Sale,990000.0,1,1,366,Cheryl Tan,19 Sep 2025,8 Enggor Street,EW15 Tanjong Pagar MRT Station,360.0,2704.92,https://www.propertyguru.com.sg/listing/for-sale-skysuites-anson-25583403,1.27464397804711,103.844741587315,8 ENGGOR STREET SKYSUITES@ANSON SINGAPORE 079718
25275183,Altez,Sale,1598000.0,1,2,840,Jeric Leong,19 Sep 2025,16 Enggor Street,EW15 Tanjong Pagar MRT Station,400.0,1902.38,https://www.propertyguru.com.sg/listing/for-sale-altez-25275183,1.27461794103822,103.844319553688,16 ENGGOR STREET ALTEZ SINGAPORE 079717
23543018,Eon Shenton,Sale,1999999.0,3,2,786,Irene Ang,19 Sep 2025,70 Shenton Way,EW15 Tanjong Pagar MRT Station,350.0,2544.53,https://www.propertyguru.com.sg/listing/for-sale-eon-shenton-23543018,1.27388660363944,103.846235542245,70 SHENTON WAY EON SHENTON SINGAPORE 079118
19184434,Altez,Sale,1570000.0,1,1,753,Benny Lim Kok Boon,19 Sep 2025,16 Enggor Street,EW15 Tanjong Pagar MRT Station,400.0,2084.99,https://www.propertyguru.com.sg/listing/for-sale-altez-19184434,1.27461794103822,103.844319553688,16 ENGGOR STREET ALTEZ SINGAPORE 079717
21092938,Spottiswoode 18,Sale,1650000.0,2,2,636,Benny Lim Kok Boon,19 Sep 2025,18 Spottiswoode Park Road,EW16 Outram Park MRT Station,740.0,2594.34,https://www.propertyguru.com.sg/listing/for-sale-spottiswoode-18-21092938,1.27559528527257,103.837559859708,18 SPOTTISWOODE PARK ROAD SPOTTISWOODE 18 SINGAPORE 088642
25608018,Eon Shenton,Sale,1850000.0,2,1,1087,Ray Lim,19 Sep 2025,70 Shenton Way,EW15 Tanjong Pagar MRT Station,350.0,1701.93,https://www.propertyguru.com.sg/listing/for-sale-eon-shenton-25608018,1.27388660363944,103.846235542245,70 SHENTON WAY EON SHENTON SINGAPORE 079118
25496196,Dorsett Residences,Sale,1788000.0,2,2,689,Dennis Lim,19 Sep 2025,331 New Bridge Road,TE17 Outram Park MRT Station,30.0,2595.07,https://www.propertyguru.com.sg/listing/for-sale-dorsett-residences-25496196,1.28004529331829,103.840358673254,331 NEW BRIDGE ROAD DORSETT RESIDENCES SINGAPORE 088764
25478149,One Bernam,Sale,1288888.0,1,1,452,Douglas Chow,19 Sep 2025,1 Bernam Street,EW15 Tanjong Pagar MRT Station,500.0,2851.52,https://www.propertyguru.com.sg/listing/for-sale-one-bernam-25478149,1.27387393481116,103.84368501577,1 BERNAM STREET ONE BERNAM (U/C) SINGAPORE 078852
25132168,Sky Everton,Sale,1950000.0,2,2,646,Galvin Pang å¯ä¿å½,18 Sep 2025,50 Everton Road,EW16 Outram Park MRT Station,680.0,3018.58,https://www.propertyguru.com.sg/listing/for-sale-sky-everton-25132168,1.27588976787545,103.838151709122,50 EVERTON ROAD SKY EVERTON SINGAPORE 089396
24747416,Wallich Residence,Sale,3680000.0,2,2,1098,Vincent Chan,18 Sep 2025,3 Wallich Street,EW15 Tanjong Pagar MRT Station,210.0,3351.55,https://www.propertyguru.com.sg/listing/for-sale-wallich-residence-24747416,1.27711736000318,103.845790152215,3 WALLICH STREET WALLICH RESIDENCE SINGAPORE 078882
25308287,Wallich Residence,Sale,5200000.0,3,3,1313,Vincent Chan,18 Sep 2025,3 Wallich Street,EW15 Tanjong Pagar MRT Station,210.0,3960.4,https://www.propertyguru.com.sg/listing/for-sale-wallich-residence-25308287,1.27711736000318,103.845790152215,3 WALLICH STREET WALLICH RESIDENCE SINGAPORE 078882
25186299,Spottiswoode Residences,Sale,1860000.0,2,2,796,Liza Xu,18 Sep 2025,48 Spottiswoode Park Road,EW16 Outram Park MRT Station,820.0,2336.68,https://www.propertyguru.com.sg/listing/for-sale-spottiswoode-residences-25186299,1.27527115223131,103.83683222505,48 SPOTTISWOODE PARK ROAD SPOTTISWOODE RESIDENCES SINGAPORE 088660
60038766,Skysuites @ Anson,Sale,960000.0,1,1,366,Reagan Ong,18 Sep 2025,8 Enggor Street,EW15 Tanjong Pagar MRT Station,360.0,2622.95,https://www.propertyguru.com.sg/listing/for-sale-skysuites-anson-60038766,1.27464397804711,103.844741587315,8 ENGGOR STREET SKYSUITES@ANSON SINGAPORE 079718
24928734,Skysuites @ Anson,Sale,1100000.0,1,1,398,Raymond Koh,18 Sep 2025,8 Enggor Street,EW15 Tanjong Pagar MRT Station,360.0,2763.82,https://www.propertyguru.com.sg/listing/for-sale-skysuites-anson-24928734,1.27464397804711,103.844741587315,8 ENGGOR STREET SKYSUITES@ANSON SINGAPORE 079718
24919221,Spottiswoode Suites,Sale,1080000.0,1,1,452,Rebecca Chua,18 Sep 2025,16 Spottiswoode Park Road,EW16 Outram Park MRT Station,680.0,2389.38,https://www.propertyguru.com.sg/listing/for-sale-spottiswoode-suites-24919221,1.27603511606189,103.837502046362,16 SPOTTISWOODE PARK ROAD SPOTTISWOODE SUITES SINGAPORE 088661
23376644,Skysuites @ Anson,Sale,960000.0,-1,1,365,Noelle Lai,17 Sep 2025,8 Enggor Street,EW15 Tanjong Pagar MRT Station,360.0,2630.14,https://www.propertyguru.com.sg/listing/for-sale-skysuites-anson-23376644,1.27464397804711,103.844741587315,8 ENGGOR STREET SKYSUITES@ANSON SINGAPORE 079718
25569306,Lumiere,Sale,1188888.0,1,1,635,Colin Jon Ng,17 Sep 2025,2 Mistri Road,EW15 Tanjong Pagar MRT Station,330.0,1872.26,https://www.propertyguru.com.sg/listing/for-sale-lumiere-25569306,1.27426245685335,103.846025087372,2 MISTRI ROAD LUMIERE SINGAPORE 079624
22226668,Skysuites @ Anson,Sale,2649000.0,3,2,958,Bendon Tan,17 Sep 2025,8 Enggor Street,EW15 Tanjong Pagar MRT Station,360.0,2765.14,https://www.propertyguru.com.sg/listing/for-sale-skysuites-anson-22226668,1.27464397804711,103.844741587315,8 ENGGOR STREET SKYSUITES@ANSON SINGAPORE 079718
25545158,Sky Everton,Sale,1380000.0,1,1,463,Dave Lim,17 Sep 2025,50 Everton Road,EW16 Outram Park MRT Station,680.0,2980.56,https://www.propertyguru.com.sg/listing/for-sale-sky-everton-25545158,1.27588976787545,103.838151709122,50 EVERTON ROAD SKY EVERTON SINGAPORE 089396
25629509,Spottiswoode Residences,Sale,2399999.0,2,2,926,Winnie Toh,17 Sep 2025,48 Spottiswoode Park Road,EW16 Outram Park MRT Station,820.0,2591.79,https://www.propertyguru.com.sg/listing/for-sale-spottiswoode-residences-25629509,1.27527115223131,103.83683222505,48 SPOTTISWOODE PARK ROAD SPOTTISWOODE RESIDENCES SINGAPORE 088660
25009652,Eon Shenton,Sale,1888888.0,2,1,1044,Chan Yong Jie (Bob),17 Sep 2025,70 Shenton Way,EW15 Tanjong Pagar MRT Station,350.0,1809.28,https://www.propertyguru.com.sg/listing/for-sale-eon-shenton-25009652,1.27388660363944,103.846235542245,70 SHENTON WAY EON SHENTON SINGAPORE 079118
24055822,Eon Shenton,Sale,2479999.0,3,2,1249,Chan Yong Jie (Bob),17 Sep 2025,70 Shenton Way,EW15 Tanjong Pagar MRT Station,350.0,1985.59,https://www.propertyguru.com.sg/listing/for-sale-eon-shenton-24055822,1.27388660363944,103.846235542245,70 SHENTON WAY EON SHENTON SINGAPORE 079118
60128685,One Bernam,Sale,1280000.0,1,1,452,Krystal Cheng,22 Sep 2025,1 Bernam Street,EW15 Tanjong Pagar MRT Station,500.0,2831.86,https://www.propertyguru.com.sg/listing/for-sale-one-bernam-60128685,1.27387393481116,103.84368501577,1 BERNAM STREET ONE BERNAM (U/C) SINGAPORE 078852
60004512,Wallich Residence,Sale,6000000.0,3,3,1787,Karen Chua,17 Sep 2025,3 Wallich Street,EW15 Tanjong Pagar MRT Station,210.0,3357.58,https://www.propertyguru.com.sg/listing/for-sale-wallich-residence-60004512,1.27711736000318,103.845790152215,3 WALLICH STREET WALLICH RESIDENCE SINGAPORE 078882
60123277,Altez,Sale,5141228.0,3,2,1561,Seah Jian Ling,18 Sep 2025,16 Enggor Street,EW15 Tanjong Pagar MRT Station,400.0,3293.55,https://www.propertyguru.com.sg/listing/for-sale-altez-60123277,1.27461794103822,103.844319553688,16 ENGGOR STREET ALTEZ SINGAPORE 079717
25221041,One Bernam,Sale,1200000.0,1,1,452,Chiew Jie Yi,17 Sep 2025,1 Bernam Street,EW15 Tanjong Pagar MRT Station,500.0,2654.87,https://www.propertyguru.com.sg/listing/for-sale-one-bernam-25221041,1.27387393481116,103.84368501577,1 BERNAM STREET ONE BERNAM (U/C) SINGAPORE 078852
25118628,Altez,Sale,1598000.0,1,2,840,Iris Yeo,17 Sep 2025,16 Enggor Street,EW15 Tanjong Pagar MRT Station,400.0,1902.38,https://www.propertyguru.com.sg/listing/for-sale-altez-25118628,1.27461794103822,103.844319553688,16 ENGGOR STREET ALTEZ SINGAPORE 079717
25543321,Wallich Residence,Sale,5200000.0,3,3,1313,Jonathan Hee,17 Sep 2025,3 Wallich Street,EW15 Tanjong Pagar MRT Station,210.0,3960.4,https://www.propertyguru.com.sg/listing/for-sale-wallich-residence-25543321,1.27711736000318,103.845790152215,3 WALLICH STREET WALLICH RESIDENCE SINGAPORE 078882
25520397,Spottiswoode Suites,Sale,2100000.0,2,2,840,Shawn Tay,16 Sep 2025,16 Spottiswoode Park Road,EW16 Outram Park MRT Station,680.0,2500.0,https://www.propertyguru.com.sg/listing/for-sale-spottiswoode-suites-25520397,1.27603511606189,103.837502046362,16 SPOTTISWOODE PARK ROAD SPOTTISWOODE SUITES SINGAPORE 088661
25634722,Icon,Sale,1088888.0,1,1,570,Ezekiel Sim,16 Sep 2025,10 Gopeng Street,EW15 Tanjong Pagar MRT Station,310.0,1910.33,https://www.propertyguru.com.sg/listing/for-sale-icon-25634722,1.27516997523174,103.844496312645,12 GOPENG STREET ICON SINGAPORE 078877
25464300,Wallich Residence,Sale,3980000.0,3,2,1195,Yunfan Lu,16 Sep 2025,3 Wallich Street,EW15 Tanjong Pagar MRT Station,210.0,3330.54,https://www.propertyguru.com.sg/listing/for-sale-wallich-residence-25464300,1.27711736000318,103.845790152215,3 WALLICH STREET WALLICH RESIDENCE SINGAPORE 078882
24275425,Sky Everton,Sale,1900000.0,2,2,624,Antony Liew,16 Sep 2025,50 Everton Road,EW16 Outram Park MRT Station,680.0,3044.87,https://www.propertyguru.com.sg/listing/for-sale-sky-everton-24275425,1.27588976787545,103.838151709122,50 EVERTON ROAD SKY EVERTON SINGAPORE 089396
60104054,Skysuites @ Anson,Sale,958000.0,-1,1,365,Elsie Ang,16 Sep 2025,8 Enggor Street,EW15 Tanjong Pagar MRT Station,360.0,2624.66,https://www.propertyguru.com.sg/listing/for-sale-skysuites-anson-60104054,1.27464397804711,103.844741587315,8 ENGGOR STREET SKYSUITES@ANSON SINGAPORE 079718
25642464,Skysuites @ Anson,Sale,999999.0,1,1,366,Raymond Lam,16 Sep 2025,8 Enggor Street,EW15 Tanjong Pagar MRT Station,360.0,2732.24,https://www.propertyguru.com.sg/listing/for-sale-skysuites-anson-25642464,1.27464397804711,103.844741587315,8 ENGGOR STREET SKYSUITES@ANSON SINGAPORE 079718
25600518,Eon Shenton,Sale,1350000.0,2,1,538,Eugene Ng,16 Sep 2025,70 Shenton Way,EW15 Tanjong Pagar MRT Station,350.0,2509.29,https://www.propertyguru.com.sg/listing/for-sale-eon-shenton-25600518,1.27388660363944,103.846235542245,70 SHENTON WAY EON SHENTON SINGAPORE 079118
24365517,Skysuites @ Anson,Sale,1150000.0,1,1,398,James Ong,16 Sep 2025,8 Enggor Street,EW15 Tanjong Pagar MRT Station,360.0,2889.45,https://www.propertyguru.com.sg/listing/for-sale-skysuites-anson-24365517,1.27464397804711,103.844741587315,8 ENGGOR STREET SKYSUITES@ANSON SINGAPORE 079718
60114444,Spottiswoode 18,Sale,1200000.0,1,1,430,Susan Ng,18 Sep 2025,18 Spottiswoode Park Road,EW16 Outram Park MRT Station,740.0,2790.7,https://www.propertyguru.com.sg/listing/for-sale-spottiswoode-18-60114444,1.27559528527257,103.837559859708,18 SPOTTISWOODE PARK ROAD SPOTTISWOODE 18 SINGAPORE 088642
24681713,Sky Everton,Sale,1900000.0,2,2,624,Shandy Tong,16 Sep 2025,50 Everton Road,EW16 Outram Park MRT Station,680.0,3044.87,https://www.propertyguru.com.sg/listing/for-sale-sky-everton-24681713,1.27588976787545,103.838151709122,50 EVERTON ROAD SKY EVERTON SINGAPORE 089396
24147112,Dorsett Residences,Sale,2100000.0,2,2,818,Lionel Mai,16 Sep 2025,331 New Bridge Road,TE17 Outram Park MRT Station,30.0,2567.24,https://www.propertyguru.com.sg/listing/for-sale-dorsett-residences-24147112,1.28004529331829,103.840358673254,331 NEW BRIDGE ROAD DORSETT RESIDENCES SINGAPORE 088764
25430939,Sky Everton,Sale,2800000.0,3,3,915,Jonathan Mak,16 Sep 2025,50 Everton Road,EW16 Outram Park MRT Station,680.0,3060.11,https://www.propertyguru.com.sg/listing/for-sale-sky-everton-25430939,1.27588976787545,103.838151709122,50 EVERTON ROAD SKY EVERTON SINGAPORE 089396
25607635,Icon,Sale,1700000.0,1,1,883,Vanessa Tan,16 Sep 2025,10 Gopeng Street,EW15 Tanjong Pagar MRT Station,310.0,1925.25,https://www.propertyguru.com.sg/listing/for-sale-icon-25607635,1.27516997523174,103.844496312645,12 GOPENG STREET ICON SINGAPORE 078877
60045427,Lumiere,Sale,1150000.0,1,1,678,Marn Lee,18 Sep 2025,2 Mistri Road,EW15 Tanjong Pagar MRT Station,330.0,1696.17,https://www.propertyguru.com.sg/listing/for-sale-lumiere-60045427,1.27426245685335,103.846025087372,2 MISTRI ROAD LUMIERE SINGAPORE 079624
25572044,Altez,Sale,1600000.0,1,1,840,LYNDON LEONG,16 Sep 2025,16 Enggor Street,EW15 Tanjong Pagar MRT Station,400.0,1904.76,https://www.propertyguru.com.sg/listing/for-sale-altez-25572044,1.27461794103822,103.844319553688,16 ENGGOR STREET ALTEZ SINGAPORE 079717
25204728,Sky Everton,Sale,4388888.0,4,4,1346,Pamela Lua,16 Sep 2025,50 Everton Road,EW16 Outram Park MRT Station,680.0,3260.69,https://www.propertyguru.com.sg/listing/for-sale-sky-everton-25204728,1.27588976787545,103.838151709122,50 EVERTON ROAD SKY EVERTON SINGAPORE 089396
25611193,Icon,Sale,2150000.0,2,2,1130,Low Jeffred,16 Sep 2025,10 Gopeng Street,EW15 Tanjong Pagar MRT Station,310.0,1902.65,https://www.propertyguru.com.sg/listing/for-sale-icon-25611193,1.27516997523174,103.844496312645,12 GOPENG STREET ICON SINGAPORE 078877
60126335,Skysuites @ Anson,Sale,980000.0,1,1,365,Dillon Sit,15 Sep 2025,8 Enggor Street,EW15 Tanjong Pagar MRT Station,360.0,2684.93,https://www.propertyguru.com.sg/listing/for-sale-skysuites-anson-60126335,1.27464397804711,103.844741587315,8 ENGGOR STREET SKYSUITES@ANSON SINGAPORE 079718
24757835,Eon Shenton,Sale,1250000.0,2,1,538,David Ang,15 Sep 2025,70 Shenton Way,EW15 Tanjong Pagar MRT Station,350.0,2323.42,https://www.propertyguru.com.sg/listing/for-sale-eon-shenton-24757835,1.27388660363944,103.846235542245,70 SHENTON WAY EON SHENTON SINGAPORE 079118
60108131,Wallich Residence,Sale,8288888.0,4,4,2000,Jesmond Lee,18 Sep 2025,3 Wallich Street,EW15 Tanjong Pagar MRT Station,210.0,4144.44,https://www.propertyguru.com.sg/listing/for-sale-wallich-residence-60108131,1.27711736000318,103.845790152215,3 WALLICH STREET WALLICH RESIDENCE SINGAPORE 078882
24572918,TMW Maxwell,Sale,1420000.0,-1,1,486,TJHAI C. (TJ),15 Sep 2025,31 Tras Street,TE18 Maxwell MRT Station,170.0,2921.81,https://www.propertyguru.com.sg/listing/for-sale-tmw-maxwell-24572918,1.27890809581218,103.844665620361,31 TRAS STREET TMW MAXWELL SINGAPORE 079934
25149941,One Bernam,Sale,1450000.0,1,1,463,Alvy Yong,15 Sep 2025,1 Bernam Street,EW15 Tanjong Pagar MRT Station,500.0,3131.75,https://www.propertyguru.com.sg/listing/for-sale-one-bernam-25149941,1.27387393481116,103.84368501577,1 BERNAM STREET ONE BERNAM (U/C) SINGAPORE 078852
25606315,Newport Residences,Sale,2000000.0,2,2,810,Serene Ong,17 Sep 2025,Anson Road,EW15 Tanjong Pagar MRT Station,510.0,2469.14,https://www.propertyguru.com.sg/listing/for-sale-newport-residences-25606315,,,
24273744,Wallich Residence,Sale,3900000.0,2,2,1098,Kym Oh,15 Sep 2025,3 Wallich Street,EW15 Tanjong Pagar MRT Station,210.0,3551.91,https://www.propertyguru.com.sg/listing/for-sale-wallich-residence-24273744,1.27711736000318,103.845790152215,3 WALLICH STREET WALLICH RESIDENCE SINGAPORE 078882
25590184,Altez,Sale,5141220.0,3,3,1561,Frank Li,15 Sep 2025,16 Enggor Street,EW15 Tanjong Pagar MRT Station,400.0,3293.54,https://www.propertyguru.com.sg/listing/for-sale-altez-25590184,1.27461794103822,103.844319553688,16 ENGGOR STREET ALTEZ SINGAPORE 079717
25505236,Wallich Residence,Sale,3980000.0,3,2,1195,Lim Zheng Chin (Zac Lim),15 Sep 2025,3 Wallich Street,EW15 Tanjong Pagar MRT Station,210.0,3330.54,https://www.propertyguru.com.sg/listing/for-sale-wallich-residence-25505236,1.27711736000318,103.845790152215,3 WALLICH STREET WALLICH RESIDENCE SINGAPORE 078882
24704104,Newport Residences,Sale,1486950.0,1,1,431,Michael Wong,14 Sep 2025,Anson Road,EW15 Tanjong Pagar MRT Station,510.0,3450.0,https://www.propertyguru.com.sg/listing/for-sale-newport-residences-24704104,,,
24704094,Newport Residences,Sale,7337850.0,4,4,2067,Michael Wong,14 Sep 2025,Anson Road,EW15 Tanjong Pagar MRT Station,510.0,3550.0,https://www.propertyguru.com.sg/listing/for-sale-newport-residences-24704094,,,
24704081,Newport Residences,Sale,3803700.0,3,3,1227,Michael Wong,14 Sep 2025,Anson Road,EW15 Tanjong Pagar MRT Station,510.0,3100.0,https://www.propertyguru.com.sg/listing/for-sale-newport-residences-24704081,,,
24699390,Wallich Residence,Sale,3580000.0,3,2,1098,Michael Wong,21 Sep 2025,3 Wallich Street,EW15 Tanjong Pagar MRT Station,210.0,3260.47,https://www.propertyguru.com.sg/listing/for-sale-wallich-residence-24699390,1.27711736000318,103.845790152215,3 WALLICH STREET WALLICH RESIDENCE SINGAPORE 078882
25086259,Spottiswoode Residences,Sale,1500000.0,1,1,592,Shirley Choo,14 Sep 2025,48 Spottiswoode Park Road,EW16 Outram Park MRT Station,820.0,2533.78,https://www.propertyguru.com.sg/listing/for-sale-spottiswoode-residences-25086259,1.27527115223131,103.83683222505,48 SPOTTISWOODE PARK ROAD SPOTTISWOODE RESIDENCES SINGAPORE 088660
60124931,Sky Everton,Sale,4180000.0,4,5,1346,Brandon Lye,14 Sep 2025,50 Everton Road,EW16 Outram Park MRT Station,680.0,3105.5,https://www.propertyguru.com.sg/listing/for-sale-sky-everton-60124931,1.27588976787545,103.838151709122,50 EVERTON ROAD SKY EVERTON SINGAPORE 089396
60062875,Eon Shenton,Sale,1850000.0,2,1,1045,Nancy Ang,14 Sep 2025,70 Shenton Way,EW15 Tanjong Pagar MRT Station,350.0,1770.33,https://www.propertyguru.com.sg/listing/for-sale-eon-shenton-60062875,1.27388660363944,103.846235542245,70 SHENTON WAY EON SHENTON SINGAPORE 079118
24396245,Newport Residences,Sale,3800000.0,3,2,1227,Serene Ong,13 Sep 2025,Anson Road,EW15 Tanjong Pagar MRT Station,510.0,3096.98,https://www.propertyguru.com.sg/listing/for-sale-newport-residences-24396245,,,
60118639,Spottiswoode Suites,Sale,2100000.0,2,2,840,Melvin Auspicious Lee æä¿è±ª,16 Sep 2025,16 Spottiswoode Park Road,EW16 Outram Park MRT Station,680.0,2500.0,https://www.propertyguru.com.sg/listing/for-sale-spottiswoode-suites-60118639,1.27603511606189,103.837502046362,16 SPOTTISWOODE PARK ROAD SPOTTISWOODE SUITES SINGAPORE 088661
24275271,Sky Everton,Sale,1900000.0,2,2,624,Carrie Leow,13 Sep 2025,50 Everton Road,EW16 Outram Park MRT Station,680.0,3044.87,https://www.propertyguru.com.sg/listing/for-sale-sky-everton-24275271,1.27588976787545,103.838151709122,50 EVERTON ROAD SKY EVERTON SINGAPORE 089396
60105250,Skysuites @ Anson,Sale,1550000.0,2,2,667,Jianing Zhang,13 Sep 2025,8 Enggor Street,EW15 Tanjong Pagar MRT Station,360.0,2323.84,https://www.propertyguru.com.sg/listing/for-sale-skysuites-anson-60105250,1.27464397804711,103.844741587315,8 ENGGOR STREET SKYSUITES@ANSON SINGAPORE 079718
25608003,Wallich Residence,Sale,3979999.0,3,2,1195,Sean Zhong,13 Sep 2025,3 Wallich Street,EW15 Tanjong Pagar MRT Station,210.0,3330.54,https://www.propertyguru.com.sg/listing/for-sale-wallich-residence-25608003,1.27711736000318,103.845790152215,3 WALLICH STREET WALLICH RESIDENCE SINGAPORE 078882
60113060,Skysuites @ Anson,Sale,985000.0,-1,1,365,Mindy Yong,18 Sep 2025,8 Enggor Street,EW15 Tanjong Pagar MRT Station,360.0,2698.63,https://www.propertyguru.com.sg/listing/for-sale-skysuites-anson-60113060,1.27464397804711,103.844741587315,8 ENGGOR STREET SKYSUITES@ANSON SINGAPORE 079718
23617795,Spottiswoode Suites,Sale,1058000.0,1,1,452,Elaine Kuehn-Tan,13 Sep 2025,16 Spottiswoode Park Road,EW16 Outram Park MRT Station,680.0,2340.71,https://www.propertyguru.com.sg/listing/for-sale-spottiswoode-suites-23617795,1.27603511606189,103.837502046362,16 SPOTTISWOODE PARK ROAD SPOTTISWOODE SUITES SINGAPORE 088661
24703246,Skysuites @ Anson,Sale,999000.0,-1,1,365,Jimme Pang,13 Sep 2025,8 Enggor Street,EW15 Tanjong Pagar MRT Station,360.0,2736.99,https://www.propertyguru.com.sg/listing/for-sale-skysuites-anson-24703246,1.27464397804711,103.844741587315,8 ENGGOR STREET SKYSUITES@ANSON SINGAPORE 079718
24684089,Wallich Residence,Sale,5780000.0,4,3,1722,Kan Choy Har,13 Sep 2025,3 Wallich Street,EW15 Tanjong Pagar MRT Station,210.0,3356.56,https://www.propertyguru.com.sg/listing/for-sale-wallich-residence-24684089,1.27711736000318,103.845790152215,3 WALLICH STREET WALLICH RESIDENCE SINGAPORE 078882
24936353,One Bernam,Sale,1290000.0,1,1,452,Jin Ong,13 Sep 2025,1 Bernam Street,EW15 Tanjong Pagar MRT Station,500.0,2853.98,https://www.propertyguru.com.sg/listing/for-sale-one-bernam-24936353,1.27387393481116,103.84368501577,1 BERNAM STREET ONE BERNAM (U/C) SINGAPORE 078852
19373715,Skysuites @ Anson,Sale,858000.0,-1,1,365,Jack Tok,13 Sep 2025,8 Enggor Street,EW15 Tanjong Pagar MRT Station,360.0,2350.68,https://www.propertyguru.com.sg/listing/for-sale-skysuites-anson-19373715,1.27464397804711,103.844741587315,8 ENGGOR STREET SKYSUITES@ANSON SINGAPORE 079718
25520400,Spottiswoode Suites,Sale,2100000.0,2,2,840,Patricia Kong,16 Sep 2025,16 Spottiswoode Park Road,EW16 Outram Park MRT Station,680.0,2500.0,https://www.propertyguru.com.sg/listing/for-sale-spottiswoode-suites-25520400,1.27603511606189,103.837502046362,16 SPOTTISWOODE PARK ROAD SPOTTISWOODE SUITES SINGAPORE 088661
60029719,Spottiswoode 18,Sale,1750000.0,2,2,657,David Shu,12 Sep 2025,18 Spottiswoode Park Road,EW16 Outram Park MRT Station,740.0,2663.62,https://www.propertyguru.com.sg/listing/for-sale-spottiswoode-18-60029719,1.27559528527257,103.837559859708,18 SPOTTISWOODE PARK ROAD SPOTTISWOODE 18 SINGAPORE 088642
10464102,Eon Shenton,Sale,1355555.0,2,1,538,Sherlyn Aw,12 Sep 2025,70 Shenton Way,EW15 Tanjong Pagar MRT Station,340.0,2519.62,https://www.propertyguru.com.sg/listing/for-sale-eon-shenton-10464102,1.27388660363944,103.846235542245,70 SHENTON WAY EON SHENTON SINGAPORE 079118
23319456,Eon Shenton,Sale,1850000.0,2,1,1044,Dhaneswery (Dhanes),12 Sep 2025,70 Shenton Way,EW15 Tanjong Pagar MRT Station,350.0,1772.03,https://www.propertyguru.com.sg/listing/for-sale-eon-shenton-23319456,1.27388660363944,103.846235542245,70 SHENTON WAY EON SHENTON SINGAPORE 079118
60122724,Altez,Sale,5141228.0,3,2,1561,Kenn Kwang Yu Xiang,18 Sep 2025,16 Enggor Street,EW15 Tanjong Pagar MRT Station,400.0,3293.55,https://www.propertyguru.com.sg/listing/for-sale-altez-60122724,1.27461794103822,103.844319553688,16 ENGGOR STREET ALTEZ SINGAPORE 079717
25544485,Eon Shenton,Sale,2000000.0,3,2,786,Sam Chin,12 Sep 2025,70 Shenton Way,EW15 Tanjong Pagar MRT Station,350.0,2544.53,https://www.propertyguru.com.sg/listing/for-sale-eon-shenton-25544485,1.27388660363944,103.846235542245,70 SHENTON WAY EON SHENTON SINGAPORE 079118
22229085,Eon Shenton,Sale,1930000.0,2,1,1055,Sam Chin,12 Sep 2025,70 Shenton Way,EW15 Tanjong Pagar MRT Station,350.0,1829.38,https://www.propertyguru.com.sg/listing/for-sale-eon-shenton-22229085,1.27388660363944,103.846235542245,70 SHENTON WAY EON SHENTON SINGAPORE 079118
22885441,Eon Shenton,Sale,2050000.0,2,1,1044,Sam Chin,12 Sep 2025,70 Shenton Way,EW15 Tanjong Pagar MRT Station,350.0,1963.6,https://www.propertyguru.com.sg/listing/for-sale-eon-shenton-22885441,1.27388660363944,103.846235542245,70 SHENTON WAY EON SHENTON SINGAPORE 079118
60046827,Skysuites @ Anson,Sale,1700000.0,2,2,700,Pat Grennan,11 Sep 2025,8 Enggor Street,EW15 Tanjong Pagar MRT Station,360.0,2428.57,https://www.propertyguru.com.sg/listing/for-sale-skysuites-anson-60046827,1.27464397804711,103.844741587315,8 ENGGOR STREET SKYSUITES@ANSON SINGAPORE 079718
22831543,Spottiswoode Residences,Sale,2368888.0,2,2,947,Alvin Loh,11 Sep 2025,48 Spottiswoode Park Road,EW16 Outram Park MRT Station,820.0,2501.47,https://www.propertyguru.com.sg/listing/for-sale-spottiswoode-residences-22831543,1.27527115223131,103.83683222505,48 SPOTTISWOODE PARK ROAD SPOTTISWOODE RESIDENCES SINGAPORE 088660
22950828,Spottiswoode Residences,Sale,1250000.0,1,1,603,Alvin Loh,11 Sep 2025,48 Spottiswoode Park Road,EW16 Outram Park MRT Station,820.0,2072.97,https://www.propertyguru.com.sg/listing/for-sale-spottiswoode-residences-22950828,1.27527115223131,103.83683222505,48 SPOTTISWOODE PARK ROAD SPOTTISWOODE RESIDENCES SINGAPORE 088660
25598490,Eon Shenton,Sale,1780000.0,2,1,1087,Evangeline Dua,11 Sep 2025,Shenton Way,,,1637.53,https://www.propertyguru.com.sg/listing/for-sale-eon-shenton-25598490,1.27388660363944,103.846235542245,70 SHENTON WAY EON SHENTON SINGAPORE 079118
25163230,Eon Shenton,Sale,1800000.0,2,2,947,Pei Ping Liang,11 Sep 2025,70 Shenton Way,EW15 Tanjong Pagar MRT Station,350.0,1900.74,https://www.propertyguru.com.sg/listing/for-sale-eon-shenton-25163230,1.27388660363944,103.846235542245,70 SHENTON WAY EON SHENTON SINGAPORE 079118
25196510,One Bernam,Sale,1368000.0,1,1,441,Karen Tai,10 Sep 2025,1 Bernam Street,EW15 Tanjong Pagar MRT Station,500.0,3102.04,https://www.propertyguru.com.sg/listing/for-sale-one-bernam-25196510,1.27387393481116,103.84368501577,1 BERNAM STREET ONE BERNAM (U/C) SINGAPORE 078852
24857245,Spottiswoode Residences,Sale,1320000.0,1,1,603,Spenncer Mak,10 Sep 2025,48 Spottiswoode Park Road,EW16 Outram Park MRT Station,820.0,2189.05,https://www.propertyguru.com.sg/listing/for-sale-spottiswoode-residences-24857245,1.27527115223131,103.83683222505,48 SPOTTISWOODE PARK ROAD SPOTTISWOODE RESIDENCES SINGAPORE 088660
60075983,76 Shenton,Sale,1290000.0,1,1,624,Elaine Tay,10 Sep 2025,76 Shenton Way,EW15 Tanjong Pagar MRT Station,390.0,2067.31,https://www.propertyguru.com.sg/listing/for-sale-76-shenton-60075983,1.2734661134853,103.845580792511,76 SHENTON WAY 76 SHENTON SINGAPORE 079119
25613174,Eon Shenton,Sale,1780000.0,2,1,1087,Eric Teo Hau Han,10 Sep 2025,70 Shenton Way,EW15 Tanjong Pagar MRT Station,350.0,1637.53,https://www.propertyguru.com.sg/listing/for-sale-eon-shenton-25613174,1.27388660363944,103.846235542245,70 SHENTON WAY EON SHENTON SINGAPORE 079118
60036367,Spottiswoode Residences,Sale,1380000.0,1,1,603,Catherine Lim,10 Sep 2025,48 Spottiswoode Park Road,EW16 Outram Park MRT Station,820.0,2288.56,https://www.propertyguru.com.sg/listing/for-sale-spottiswoode-residences-60036367,1.27527115223131,103.83683222505,48 SPOTTISWOODE PARK ROAD SPOTTISWOODE RESIDENCES SINGAPORE 088660
20701169,Altez,Sale,1550000.0,1,1,753,Keith Seah,10 Sep 2025,16 Enggor Street,EW15 Tanjong Pagar MRT Station,400.0,2058.43,https://www.propertyguru.com.sg/listing/for-sale-altez-20701169,1.27461794103822,103.844319553688,16 ENGGOR STREET ALTEZ SINGAPORE 079717
25464237,Skysuites @ Anson,Sale,1560000.0,2,2,700,Alex Toh C W,10 Sep 2025,8 Enggor Street,EW15 Tanjong Pagar MRT Station,360.0,2228.57,https://www.propertyguru.com.sg/listing/for-sale-skysuites-anson-25464237,1.27464397804711,103.844741587315,8 ENGGOR STREET SKYSUITES@ANSON SINGAPORE 079718
25379385,Sky Everton,Sale,2000000.0,2,2,678,Lincoln Heng,10 Sep 2025,50 Everton Road,EW16 Outram Park MRT Station,680.0,2949.85,https://www.propertyguru.com.sg/listing/for-sale-sky-everton-25379385,1.27588976787545,103.838151709122,50 EVERTON ROAD SKY EVERTON SINGAPORE 089396
25594050,Sky Everton,Sale,7800000.0,5,6,2228,Cindy Sia,10 Sep 2025,50 Everton Road,EW16 Outram Park MRT Station,680.0,3500.9,https://www.propertyguru.com.sg/listing/for-sale-sky-everton-25594050,1.27588976787545,103.838151709122,50 EVERTON ROAD SKY EVERTON SINGAPORE 089396
25317923,Wallich Residence,Sale,2800000.0,2,2,861,Christina Liew,10 Sep 2025,3 Wallich Street,EW15 Tanjong Pagar MRT Station,210.0,3252.03,https://www.propertyguru.com.sg/listing/for-sale-wallich-residence-25317923,1.27711736000318,103.845790152215,3 WALLICH STREET WALLICH RESIDENCE SINGAPORE 078882
25100683,Spottiswoode Suites,Sale,1150000.0,1,1,452,Emily Yep,9 Sep 2025,16 Spottiswoode Park Road,EW16 Outram Park MRT Station,680.0,2544.25,https://www.propertyguru.com.sg/listing/for-sale-spottiswoode-suites-25100683,1.27603511606189,103.837502046362,16 SPOTTISWOODE PARK ROAD SPOTTISWOODE SUITES SINGAPORE 088661
25255282,Skysuites @ Anson,Sale,1100000.0,1,1,398,Julius Teo,9 Sep 2025,8 Enggor Street,EW15 Tanjong Pagar MRT Station,360.0,2763.82,https://www.propertyguru.com.sg/listing/for-sale-skysuites-anson-25255282,1.27464397804711,103.844741587315,8 ENGGOR STREET SKYSUITES@ANSON SINGAPORE 079718
60119365,Altez,Sale,1220000.0,1,1,549,Sean Timuari,9 Sep 2025,16 Enggor Street,EW15 Tanjong Pagar MRT Station,400.0,2222.22,https://www.propertyguru.com.sg/listing/for-sale-altez-60119365,1.27461794103822,103.844319553688,16 ENGGOR STREET ALTEZ SINGAPORE 079717
25305545,One Bernam,Sale,1448000.0,1,1,452,Teo Mee Hong,20 Sep 2025,1 Bernam Street,EW15 Tanjong Pagar MRT Station,500.0,3203.54,https://www.propertyguru.com.sg/listing/for-sale-one-bernam-25305545,1.27387393481116,103.84368501577,1 BERNAM STREET ONE BERNAM (U/C) SINGAPORE 078852
25538695,One Bernam,Sale,1270000.0,1,1,441,Melissa Tan,9 Sep 2025,1 Bernam Street,EW15 Tanjong Pagar MRT Station,500.0,2879.82,https://www.propertyguru.com.sg/listing/for-sale-one-bernam-25538695,1.27387393481116,103.84368501577,1 BERNAM STREET ONE BERNAM (U/C) SINGAPORE 078852
24612765,TMW,Sale,1420000.0,1,1,474,Dawn Lim,9 Sep 2025,31 tras street,TE18 Maxwell MRT Station,240.0,2995.78,https://www.propertyguru.com.sg/listing/for-sale-tmw-24612765,1.27890809581218,103.844665620361,31 TRAS STREET TMW MAXWELL SINGAPORE 079934
24614040,TMW maxwell,Sale,2623000.0,2,2,861,Dawn Lim,9 Sep 2025,31 tras street,TE18 Maxwell MRT Station,170.0,3046.46,https://www.propertyguru.com.sg/listing/for-sale-tmw-maxwell-24614040,1.27890809581218,103.844665620361,31 TRAS STREET TMW MAXWELL SINGAPORE 079934
25391988,Spottiswoode Suites,Sale,1060000.0,1,1,441,Aaron Hong,9 Sep 2025,16 Spottiswoode Park Road,EW16 Outram Park MRT Station,680.0,2403.63,https://www.propertyguru.com.sg/listing/for-sale-spottiswoode-suites-25391988,1.27603511606189,103.837502046362,16 SPOTTISWOODE PARK ROAD SPOTTISWOODE SUITES SINGAPORE 088661
18296445,Altez,Sale,1598000.0,1,2,840,Felicia Quek,9 Sep 2025,16 Enggor Street,EW15 Tanjong Pagar MRT Station,400.0,1902.38,https://www.propertyguru.com.sg/listing/for-sale-altez-18296445,1.27461794103822,103.844319553688,16 ENGGOR STREET ALTEZ SINGAPORE 079717
22001835,Wallich Residence,Sale,1850000.0,1,1,646,Simeon Tan,9 Sep 2025,3 Wallich Street,EW15 Tanjong Pagar MRT Station,210.0,2863.78,https://www.propertyguru.com.sg/listing/for-sale-wallich-residence-22001835,1.27711736000318,103.845790152215,3 WALLICH STREET WALLICH RESIDENCE SINGAPORE 078882
24597629,Wallich Residence,Sale,4860000.0,3,3,1313,Karen Tai,9 Sep 2025,3 Wallich Street,EW15 Tanjong Pagar MRT Station,210.0,3701.45,https://www.propertyguru.com.sg/listing/for-sale-wallich-residence-24597629,1.27711736000318,103.845790152215,3 WALLICH STREET WALLICH RESIDENCE SINGAPORE 078882
20687416,Spottiswoode Suites,Sale,2200000.0,2,2,1066,Su-san Han,14 Sep 2025,16 Spottiswoode Park Road,EW16 Outram Park MRT Station,680.0,2063.79,https://www.propertyguru.com.sg/listing/for-sale-spottiswoode-suites-20687416,1.27603511606189,103.837502046362,16 SPOTTISWOODE PARK ROAD SPOTTISWOODE SUITES SINGAPORE 088661
25544486,Spottiswoode Suites,Sale,2100000.0,2,2,840,SHAWN TAY,16 Sep 2025,16 Spottiswoode Park Road,EW16 Outram Park MRT Station,680.0,2500.0,https://www.propertyguru.com.sg/listing/for-sale-spottiswoode-suites-25544486,1.27603511606189,103.837502046362,16 SPOTTISWOODE PARK ROAD SPOTTISWOODE SUITES SINGAPORE 088661
25565677,Sky Everton,Sale,7800000.0,5,6,2228,Alexis Quek,8 Sep 2025,50 Everton Road,EW16 Outram Park MRT Station,680.0,3500.9,https://www.propertyguru.com.sg/listing/for-sale-sky-everton-25565677,1.27588976787545,103.838151709122,50 EVERTON ROAD SKY EVERTON SINGAPORE 089396
60022645,Sky Everton,Sale,7800000.0,5,6,2228,Brad Chung éå®ä¸°,8 Sep 2025,50 Everton Road,EW16 Outram Park MRT Station,680.0,3500.9,https://www.propertyguru.com.sg/listing/for-sale-sky-everton-60022645,1.27588976787545,103.838151709122,50 EVERTON ROAD SKY EVERTON SINGAPORE 089396
25642973,Spottiswoode Suites,Sale,1050000.0,1,1,441,Jennyfurr Ee,8 Sep 2025,16 Spottiswoode Park Road,EW16 Outram Park MRT Station,680.0,2380.95,https://www.propertyguru.com.sg/listing/for-sale-spottiswoode-suites-25642973,1.27603511606189,103.837502046362,16 SPOTTISWOODE PARK ROAD SPOTTISWOODE SUITES SINGAPORE 088661
25300468,Altez,Sale,1568888.0,1,1,753,Sharon Nio,11 Sep 2025,16 Enggor Street,EW15 Tanjong Pagar MRT Station,400.0,2083.52,https://www.propertyguru.com.sg/listing/for-sale-altez-25300468,1.27461794103822,103.844319553688,16 ENGGOR STREET ALTEZ SINGAPORE 079717
25462345,Orchard Boulevard,Sale,2300000.0,2,2,700,Daniel Kam çå¯è²¡,8 Sep 2025,1br to 4br near Orchard Boulevard MRT,NS22 Orchard MRT Station,10.0,3285.71,https://www.propertyguru.com.sg/listing/for-sale-orchard-boulevard-25462345,1.3040517438791,103.830461436174,ORCHARD BOULEVARD
25462348,chuan park condo,Sale,3858000.0,5,4,1550,Daniel Kam çå¯è²¡,16 Sep 2025,chuan park,NS19 Toa Payoh MRT Station,430.0,2489.03,https://www.propertyguru.com.sg/listing/for-sale-chuan-park-condo-25462348,,,
25249748,Spottiswoode 18,Sale,1600000.0,1,1,893,Jerryl Tan,8 Sep 2025,18 Spottiswoode Park Road,EW16 Outram Park MRT Station,740.0,1791.71,https://www.propertyguru.com.sg/listing/for-sale-spottiswoode-18-25249748,1.27559528527257,103.837559859708,18 SPOTTISWOODE PARK ROAD SPOTTISWOODE 18 SINGAPORE 088642
24132415,Spottiswoode 18,Sale,1588000.0,1,1,890,Yong Sheng,7 Sep 2025,18 Spottiswoode Park Road,EW16 Outram Park MRT Station,740.0,1784.27,https://www.propertyguru.com.sg/listing/for-sale-spottiswoode-18-24132415,1.27559528527257,103.837559859708,18 SPOTTISWOODE PARK ROAD SPOTTISWOODE 18 SINGAPORE 088642
25643035,Sky Everton,Sale,7800000.0,5,6,2228,Jay Sun,6 Sep 2025,50 Everton Road,EW16 Outram Park MRT Station,680.0,3500.9,https://www.propertyguru.com.sg/listing/for-sale-sky-everton-25643035,1.27588976787545,103.838151709122,50 EVERTON ROAD SKY EVERTON SINGAPORE 089396
25460471,Freehold Katong MRT Condo,Sale,2800000.0,3,3,1277,Daniel Kam çå¯è²¡,6 Sep 2025,2 to 5 br LH Brand New Condos Sale near Katong mrt,NS19 Toa Payoh MRT Station,430.0,2192.64,https://www.propertyguru.com.sg/listing/for-sale-freehold-katong-mrt-condo-25460471,,,
25294261,Altez,Sale,1700000.0,2,1,764,Cherlyn Loh Xue Ting,6 Sep 2025,16 Enggor Street,EW15 Tanjong Pagar MRT Station,400.0,2225.13,https://www.propertyguru.com.sg/listing/for-sale-altez-25294261,1.27461794103822,103.844319553688,16 ENGGOR STREET ALTEZ SINGAPORE 079717
15783051,Spottiswoode Suites,Sale,2200000.0,2,2,1065,Su-san Han,19 Sep 2025,16 Spottiswoode Park Road,EW16 Outram Park MRT Station,680.0,2065.73,https://www.propertyguru.com.sg/listing/for-sale-spottiswoode-suites-15783051,1.27603511606189,103.837502046362,16 SPOTTISWOODE PARK ROAD SPOTTISWOODE SUITES SINGAPORE 088661
60066287,Spottiswoode 18,Sale,1250000.0,2,1,506,Shu Ying,6 Sep 2025,18 Spottiswoode Park Road,EW16 Outram Park MRT Station,740.0,2470.36,https://www.propertyguru.com.sg/listing/for-sale-spottiswoode-18-60066287,1.27559528527257,103.837559859708,18 SPOTTISWOODE PARK ROAD SPOTTISWOODE 18 SINGAPORE 088642
25396014,The Arina East Condo,Sale,3000000.0,3,3,1087,Daniel Kam çå¯è²¡,5 Sep 2025,Arina Brand New 1br to 5br Condo Sale near Mrt,TE24 Katong Park MRT Station,430.0,2759.89,https://www.propertyguru.com.sg/listing/for-sale-the-arina-east-condo-25396014,,,
23029234,Eon Shenton,Sale,1850000.0,2,1,1088,Terence Tee (éå¿ç¿),29 Aug 2025,70 Shenton Way,EW15 Tanjong Pagar MRT Station,350.0,1700.37,https://www.propertyguru.com.sg/listing/for-sale-eon-shenton-23029234,1.27388660363944,103.846235542245,70 SHENTON WAY EON SHENTON SINGAPORE 079118
25465486,One Bernam,Sale,1350001.0,1,1,452,Marc Chia Peng Wen,5 Sep 2025,1 Bernam Street,EW15 Tanjong Pagar MRT Station,500.0,2986.73,https://www.propertyguru.com.sg/listing/for-sale-one-bernam-25465486,1.27387393481116,103.84368501577,1 BERNAM STREET ONE BERNAM (U/C) SINGAPORE 078852
25476537,Spottiswoode 18,Sale,1718000.0,2,2,635,Jon Ong (Onglai) çéç¥¥,5 Sep 2025,18 Spottiswoode Park Road,EW16 Outram Park MRT Station,740.0,2705.51,https://www.propertyguru.com.sg/listing/for-sale-spottiswoode-18-25476537,1.27559528527257,103.837559859708,18 SPOTTISWOODE PARK ROAD SPOTTISWOODE 18 SINGAPORE 088642
20907815,Altez,Sale,1548000.0,1,1,861,Merry Tjandra,11 Sep 2025,16 Enggor Street,EW15 Tanjong Pagar MRT Station,400.0,1797.91,https://www.propertyguru.com.sg/listing/for-sale-altez-20907815,1.27461794103822,103.844319553688,16 ENGGOR STREET ALTEZ SINGAPORE 079717
60114270,Eon Shenton,Sale,1780000.0,2,1,1087,Wenling Yuan,18 Sep 2025,Shenton Way,,,1637.53,https://www.propertyguru.com.sg/listing/for-sale-eon-shenton-60114270,1.27388660363944,103.846235542245,70 SHENTON WAY EON SHENTON SINGAPORE 079118
24392797,Spottiswoode Residences,Sale,1390000.0,1,1,603,Mike .,5 Sep 2025,48 Spottiswoode Park Road,EW16 Outram Park MRT Station,820.0,2305.14,https://www.propertyguru.com.sg/listing/for-sale-spottiswoode-residences-24392797,1.27527115223131,103.83683222505,48 SPOTTISWOODE PARK ROAD SPOTTISWOODE RESIDENCES SINGAPORE 088660
24942268,"â­ï¸ Attractive PSF, Undervalue, Near MRT, Centrally located, CBD",Sale,2250000.0,3,2,829,Alyssa Chia,5 Sep 2025,,EW15 Tanjong Pagar MRT Station,400.0,2714.11,https://www.propertyguru.com.sg/listing/for-sale-attractive-psf-undervalue-near-mrt-centrally-located-cbd-24942268,,,
60049550,One Bernam,Sale,1950000.0,2,1,732,Dennis Lim,15 Sep 2025,1 Bernam Street,EW15 Tanjong Pagar MRT Station,500.0,2663.93,https://www.propertyguru.com.sg/listing/for-sale-one-bernam-60049550,1.27387393481116,103.84368501577,1 BERNAM STREET ONE BERNAM (U/C) SINGAPORE 078852
60113636,Spottiswoode Suites,Sale,1199999.0,1,1,441,Lin Yisen,21 Sep 2025,16 Spottiswoode Park Road,EW16 Outram Park MRT Station,680.0,2721.09,https://www.propertyguru.com.sg/listing/for-sale-spottiswoode-suites-60113636,1.27603511606189,103.837502046362,16 SPOTTISWOODE PARK ROAD SPOTTISWOODE SUITES SINGAPORE 088661
60104271,Freehold at CCR Tanjong Pagar,Sale,2700000.0,3,2,1141,Cherry Chin,8 Sep 2025,,EW15 Tanjong Pagar MRT Station,670.0,2366.35,https://www.propertyguru.com.sg/listing/for-sale-freehold-at-ccr-tanjong-pagar-60104271,,,
24659184,Skysuites @ Anson,Sale,2700000.0,3,2,958,Venelyn Ong,4 Sep 2025,8 Enggor Street,EW15 Tanjong Pagar MRT Station,360.0,2818.37,https://www.propertyguru.com.sg/listing/for-sale-skysuites-anson-24659184,1.27464397804711,103.844741587315,8 ENGGOR STREET SKYSUITES@ANSON SINGAPORE 079718
23394949,76 Shenton,Sale,1250000.0,1,1,592,Emi Chai,4 Sep 2025,76 Shenton Way,EW15 Tanjong Pagar MRT Station,390.0,2111.49,https://www.propertyguru.com.sg/listing/for-sale-76-shenton-23394949,1.2734661134853,103.845580792511,76 SHENTON WAY 76 SHENTON SINGAPORE 079119
24704035,Newport Residences,Sale,2272000.0,2,2,710,Michael Wong,3 Sep 2025,Anson Road,EW15 Tanjong Pagar MRT Station,510.0,3200.0,https://www.propertyguru.com.sg/listing/for-sale-newport-residences-24704035,,,
25558719,International Plaza,Sale,1910000.0,4,3,1604,Kevin Phua,9 Sep 2025,10 Anson Road,EW15 Tanjong Pagar MRT Station,100.0,1190.77,https://www.propertyguru.com.sg/listing/for-sale-international-plaza-25558719,1.27588674266836,103.845923793168,10 ANSON ROAD INTERNATIONAL PLAZA SINGAPORE 079903
25095625,Sky Everton,Sale,2100000.0,2,2,764,Michelle Seah,3 Sep 2025,50 Everton Road,EW16 Outram Park MRT Station,680.0,2748.69,https://www.propertyguru.com.sg/listing/for-sale-sky-everton-25095625,1.27588976787545,103.838151709122,50 EVERTON ROAD SKY EVERTON SINGAPORE 089396
25525772,Altez,Sale,1568888.0,1,1,753,Bonnie Tan éæ§ç²,3 Sep 2025,16 Enggor Street,EW15 Tanjong Pagar MRT Station,400.0,2083.52,https://www.propertyguru.com.sg/listing/for-sale-altez-25525772,1.27461794103822,103.844319553688,16 ENGGOR STREET ALTEZ SINGAPORE 079717
24568758,Skysuites @ Anson,Sale,1050000.0,-1,1,398,Rachel Tan,3 Sep 2025,8 Enggor Street,EW15 Tanjong Pagar MRT Station,360.0,2638.19,https://www.propertyguru.com.sg/listing/for-sale-skysuites-anson-24568758,1.27464397804711,103.844741587315,8 ENGGOR STREET SKYSUITES@ANSON SINGAPORE 079718
60015346,Sky Everton,Sale,7800000.0,5,6,2228,George Eng,2 Sep 2025,50 Everton Road,EW16 Outram Park MRT Station,680.0,3500.9,https://www.propertyguru.com.sg/listing/for-sale-sky-everton-60015346,1.27588976787545,103.838151709122,50 EVERTON ROAD SKY EVERTON SINGAPORE 089396
60077193,Altez,Sale,1290000.0,1,1,549,Anthea Yeo æ¨ä¸½å¨,18 Sep 2025,16 Enggor Street,EW15 Tanjong Pagar MRT Station,400.0,2349.73,https://www.propertyguru.com.sg/listing/for-sale-altez-60077193,1.27461794103822,103.844319553688,16 ENGGOR STREET ALTEZ SINGAPORE 079717
24942219,"â­ï¸ Next to MRT, District 2 Centrally located, CBD, High Rental Yield, Great for Investment",Sale,1700000.0,2,2,700,Alyssa Chia,2 Sep 2025,,EW15 Tanjong Pagar MRT Station,400.0,2428.57,https://www.propertyguru.com.sg/listing/for-sale-next-to-mrt-district-2-centrally-located-cbd-high-rental-yield-great-for-investment-24942219,,,
25538680,Eon Shenton,Sale,1499999.0,2,1,603,Thoo Weng Heng æåæ (Wayne),2 Sep 2025,70 Shenton Way,EW15 Tanjong Pagar MRT Station,350.0,2487.56,https://www.propertyguru.com.sg/listing/for-sale-eon-shenton-25538680,1.27388660363944,103.846235542245,70 SHENTON WAY EON SHENTON SINGAPORE 079118
60110900,Spottiswoode Suites,Sale,1610000.0,2,2,581,Bendy Ho,18 Sep 2025,16 Spottiswoode Park Road,EW16 Outram Park MRT Station,680.0,2771.08,https://www.propertyguru.com.sg/listing/for-sale-spottiswoode-suites-60110900,1.27603511606189,103.837502046362,16 SPOTTISWOODE PARK ROAD SPOTTISWOODE SUITES SINGAPORE 088661
25457859,Spottiswoode Suites,Sale,2100000.0,2,2,840,Cheng Ang,16 Sep 2025,16 Spottiswoode Park Road,EW16 Outram Park MRT Station,680.0,2500.0,https://www.propertyguru.com.sg/listing/for-sale-spottiswoode-suites-25457859,1.27603511606189,103.837502046362,16 SPOTTISWOODE PARK ROAD SPOTTISWOODE SUITES SINGAPORE 088661
60110548,Icon Village,Sale,1200000.0,1,1,700,Shawn Toh,2 Sep 2025,12 Gopeng Street,EW15 Tanjong Pagar MRT Station,380.0,1714.29,https://www.propertyguru.com.sg/listing/for-sale-icon-village-60110548,1.2750829743256,103.844510150859,12 GOPENG STREET ICON VILLAGE SINGAPORE 078877
24496008,Wallich Residence,Sale,3650000.0,3,2,1098,Anthea Yeo æ¨ä¸½å¨,2 Sep 2025,3 Wallich Street,EW15 Tanjong Pagar MRT Station,210.0,3324.23,https://www.propertyguru.com.sg/listing/for-sale-wallich-residence-24496008,1.27711736000318,103.845790152215,3 WALLICH STREET WALLICH RESIDENCE SINGAPORE 078882
25205585,Wallich Residence,Sale,4400000.0,3,3,1313,Peter Koh H .G,2 Sep 2025,3 Wallich Street,EW15 Tanjong Pagar MRT Station,210.0,3351.1,https://www.propertyguru.com.sg/listing/for-sale-wallich-residence-25205585,1.27711736000318,103.845790152215,3 WALLICH STREET WALLICH RESIDENCE SINGAPORE 078882
60109900,Wallich Residence,Sale,6000000.0,3,3,1787,Brent Seow,18 Sep 2025,3 Wallich Street,EW15 Tanjong Pagar MRT Station,210.0,3357.58,https://www.propertyguru.com.sg/listing/for-sale-wallich-residence-60109900,1.27711736000318,103.845790152215,3 WALLICH STREET WALLICH RESIDENCE SINGAPORE 078882
60084277,Eon Shenton,Sale,1850000.0,2,2,947,Garant Pang,1 Sep 2025,70 Shenton Way,EW15 Tanjong Pagar MRT Station,350.0,1953.54,https://www.propertyguru.com.sg/listing/for-sale-eon-shenton-60084277,1.27388660363944,103.846235542245,70 SHENTON WAY EON SHENTON SINGAPORE 079118
25563259,Spottiswoode Residences,Sale,3500000.0,3,3,1399,Natasha Goh,1 Sep 2025,48 Spottiswoode Park Road,EW16 Outram Park MRT Station,820.0,2501.79,https://www.propertyguru.com.sg/listing/for-sale-spottiswoode-residences-25563259,1.27527115223131,103.83683222505,48 SPOTTISWOODE PARK ROAD SPOTTISWOODE RESIDENCES SINGAPORE 088660
25516384,Altez,Sale,1568888.0,1,1,753,Joanna Ang,1 Sep 2025,16 Enggor Street,EW15 Tanjong Pagar MRT Station,400.0,2083.52,https://www.propertyguru.com.sg/listing/for-sale-altez-25516384,1.27461794103822,103.844319553688,16 ENGGOR STREET ALTEZ SINGAPORE 079717
25572471,Sky Everton,Sale,2950000.0,3,3,958,Adeline Chang,1 Sep 2025,50 Everton Road,EW16 Outram Park MRT Station,680.0,3079.33,https://www.propertyguru.com.sg/listing/for-sale-sky-everton-25572471,1.27588976787545,103.838151709122,50 EVERTON ROAD SKY EVERTON SINGAPORE 089396
24367277,Newport Residences,Sale,6999888.0,4,5,2067,Navin Pampan,31 Aug 2025,Anson Road,EW15 Tanjong Pagar MRT Station,510.0,3386.5,https://www.propertyguru.com.sg/listing/for-sale-newport-residences-24367277,,,
20096089,Icon,Sale,2280000.0,2,2,883,Franklin Chan,31 Aug 2025,10 Gopeng Street,EW15 Tanjong Pagar MRT Station,310.0,2582.11,https://www.propertyguru.com.sg/listing/for-sale-icon-20096089,1.27516997523174,103.844496312645,12 GOPENG STREET ICON SINGAPORE 078877
25386258,Altez,Sale,1650000.0,1,2,840,Hosea Choo,30 Aug 2025,16 Enggor Street,EW15 Tanjong Pagar MRT Station,400.0,1964.29,https://www.propertyguru.com.sg/listing/for-sale-altez-25386258,1.27461794103822,103.844319553688,16 ENGGOR STREET ALTEZ SINGAPORE 079717
24111527,Spottiswoode Residences,Sale,1400000.0,1,1,603,Theone .,30 Aug 2025,48 Spottiswoode Park Road,EW16 Outram Park MRT Station,820.0,2321.72,https://www.propertyguru.com.sg/listing/for-sale-spottiswoode-residences-24111527,1.27527115223131,103.83683222505,48 SPOTTISWOODE PARK ROAD SPOTTISWOODE RESIDENCES SINGAPORE 088660
24122013,Eon Shenton,Sale,1390000.0,2,1,581,Lee Char Seng,30 Aug 2025,70 Shenton Way,EW15 Tanjong Pagar MRT Station,350.0,2392.43,https://www.propertyguru.com.sg/listing/for-sale-eon-shenton-24122013,1.27388660363944,103.846235542245,70 SHENTON WAY EON SHENTON SINGAPORE 079118
11791654,International Plaza,Sale,1510000.0,3,2,1033,Hooi Cheng How,30 Aug 2025,10 Anson Road,EW15 Tanjong Pagar MRT Station,100.0,1461.76,https://www.propertyguru.com.sg/listing/for-sale-international-plaza-11791654,1.27588674266836,103.845923793168,10 ANSON ROAD INTERNATIONAL PLAZA SINGAPORE 079903
24027454,Icon,Sale,1380000.0,1,1,883,Chantel Teo Jiamin,3 Sep 2025,10 Gopeng Street,EW15 Tanjong Pagar MRT Station,310.0,1562.85,https://www.propertyguru.com.sg/listing/for-sale-icon-24027454,1.27516997523174,103.844496312645,12 GOPENG STREET ICON SINGAPORE 078877
25382496,Altez,Sale,1650000.0,1,2,840,Doris Cheng,29 Aug 2025,16 Enggor Street,EW15 Tanjong Pagar MRT Station,400.0,1964.29,https://www.propertyguru.com.sg/listing/for-sale-altez-25382496,1.27461794103822,103.844319553688,16 ENGGOR STREET ALTEZ SINGAPORE 079717
60106644,Wallich Residence,Sale,6000000.0,3,3,1787,Tessa Pan,18 Sep 2025,3 Wallich Street,EW15 Tanjong Pagar MRT Station,210.0,3357.58,https://www.propertyguru.com.sg/listing/for-sale-wallich-residence-60106644,1.27711736000318,103.845790152215,3 WALLICH STREET WALLICH RESIDENCE SINGAPORE 078882
25523110,â­Ultimate Penthouse Living | Unblocked Sea View & Impressive High Ceilingâ­,Sale,7800000.0,5,4,2228,Ian Low,29 Aug 2025,,EW16 Outram Park MRT Station,670.0,3500.9,https://www.propertyguru.com.sg/listing/for-sale-ultimate-penthouse-living-unblocked-sea-view-impressive-high-ceiling-25523110,,,
25523176,Sky Everton,Sale,7800000.0,5,4,2228,Ian Low,29 Aug 2025,50 Everton Road,EW16 Outram Park MRT Station,680.0,3500.9,https://www.propertyguru.com.sg/listing/for-sale-sky-everton-25523176,1.27588976787545,103.838151709122,50 EVERTON ROAD SKY EVERTON SINGAPORE 089396
25455747,Sky Everton,Sale,1980000.0,2,2,646,Vivian Ong,17 Sep 2025,50 Everton Road,EW16 Outram Park MRT Station,680.0,3065.02,https://www.propertyguru.com.sg/listing/for-sale-sky-everton-25455747,1.27588976787545,103.838151709122,50 EVERTON ROAD SKY EVERTON SINGAPORE 089396
25543381,Altez,Sale,5141228.0,3,3,1561,Shawn Tan,29 Aug 2025,16 Enggor Street,EW15 Tanjong Pagar MRT Station,400.0,3293.55,https://www.propertyguru.com.sg/listing/for-sale-altez-25543381,1.27461794103822,103.844319553688,16 ENGGOR STREET ALTEZ SINGAPORE 079717
25530732,The Beacon,Sale,2088888.0,3,2,1109,Edwin Soh,28 Aug 2025,130 Cantonment Road,EW16 Outram Park MRT Station,530.0,1883.58,https://www.propertyguru.com.sg/listing/for-sale-the-beacon-25530732,1.27587483521415,103.840480994349,130 CANTONMENT ROAD THE BEACON SINGAPORE 089775
24929340,Spottiswoode 18,Sale,1650000.0,2,2,657,Ammy Ngui,28 Aug 2025,18 Spottiswoode Park Road,EW16 Outram Park MRT Station,740.0,2511.42,https://www.propertyguru.com.sg/listing/for-sale-spottiswoode-18-24929340,1.27559528527257,103.837559859708,18 SPOTTISWOODE PARK ROAD SPOTTISWOODE 18 SINGAPORE 088642
24182767,Skysuites @ Anson,Sale,2918888.0,3,2,1011,Aric Lim,28 Aug 2025,8 Enggor Street,EW15 Tanjong Pagar MRT Station,360.0,2887.13,https://www.propertyguru.com.sg/listing/for-sale-skysuites-anson-24182767,1.27464397804711,103.844741587315,8 ENGGOR STREET SKYSUITES@ANSON SINGAPORE 079718
25421147,Spottiswoode 18,Sale,910000.0,1,1,388,Adah Chooi,28 Aug 2025,18 Spottiswoode Park Road,EW16 Outram Park MRT Station,740.0,2345.36,https://www.propertyguru.com.sg/listing/for-sale-spottiswoode-18-25421147,1.27559528527257,103.837559859708,18 SPOTTISWOODE PARK ROAD SPOTTISWOODE 18 SINGAPORE 088642
24367283,Newport Residences,Sale,17500000.0,5,6,3500,Navin Pampan,28 Aug 2025,Anson Road,EW15 Tanjong Pagar MRT Station,510.0,5000.0,https://www.propertyguru.com.sg/listing/for-sale-newport-residences-24367283,,,
25409043,Icon,Sale,1400000.0,1,1,657,Felicia Quek,28 Aug 2025,10 Gopeng Street,EW15 Tanjong Pagar MRT Station,310.0,2130.9,https://www.propertyguru.com.sg/listing/for-sale-icon-25409043,1.27516997523174,103.844496312645,12 GOPENG STREET ICON SINGAPORE 078877
24586998,Skysuites @ Anson,Sale,2699999.0,3,2,958,Dennis Koh,27 Aug 2025,8 Enggor Street,EW15 Tanjong Pagar MRT Station,360.0,2818.37,https://www.propertyguru.com.sg/listing/for-sale-skysuites-anson-24586998,1.27464397804711,103.844741587315,8 ENGGOR STREET SKYSUITES@ANSON SINGAPORE 079718
25544497,Altez,Sale,1250000.0,1,1,549,Li Yan,27 Aug 2025,16 Enggor Street,EW15 Tanjong Pagar MRT Station,400.0,2276.87,https://www.propertyguru.com.sg/listing/for-sale-altez-25544497,1.27461794103822,103.844319553688,16 ENGGOR STREET ALTEZ SINGAPORE 079717
25565903,ps100,Sale,1200000.0,-1,1,420,Roy Li,27 Aug 2025,peck seah st,EW15 Tanjong Pagar MRT Station,370.0,2857.14,https://www.propertyguru.com.sg/listing/for-sale-ps100-25565903,1.27588132600635,103.844264781517,100 PECK SEAH STREET PS100 SINGAPORE 079333
25613383,Eon Shenton,Sale,1280000.0,2,1,538,Charlene Lim (æéé¾),26 Aug 2025,70 Shenton Way,EW15 Tanjong Pagar MRT Station,350.0,2379.18,https://www.propertyguru.com.sg/listing/for-sale-eon-shenton-25613383,1.27388660363944,103.846235542245,70 SHENTON WAY EON SHENTON SINGAPORE 079118
23052633,Wallich Residence,Sale,2350000.0,1,1,646,Vernis Goh,26 Aug 2025,3 Wallich Street,EW15 Tanjong Pagar MRT Station,210.0,3637.77,https://www.propertyguru.com.sg/listing/for-sale-wallich-residence-23052633,1.27711736000318,103.845790152215,3 WALLICH STREET WALLICH RESIDENCE SINGAPORE 078882
60102270,Spottiswoode Suites,Sale,1990000.0,2,2,840,Victor Tan,18 Sep 2025,16 Spottiswoode Park Road,EW16 Outram Park MRT Station,680.0,2369.05,https://www.propertyguru.com.sg/listing/for-sale-spottiswoode-suites-60102270,1.27603511606189,103.837502046362,16 SPOTTISWOODE PARK ROAD SPOTTISWOODE SUITES SINGAPORE 088661
23903499,Eon Shenton,Sale,2000000.0,3,2,786,Mikaela Joy,25 Aug 2025,70 Shenton Way,EW15 Tanjong Pagar MRT Station,350.0,2544.53,https://www.propertyguru.com.sg/listing/for-sale-eon-shenton-23903499,1.27388660363944,103.846235542245,70 SHENTON WAY EON SHENTON SINGAPORE 079118
25564350,Skysuites @ Anson,Sale,2888888.0,3,2,1011,Gordon Lim,25 Aug 2025,8 Enggor Street,EW15 Tanjong Pagar MRT Station,360.0,2857.46,https://www.propertyguru.com.sg/listing/for-sale-skysuites-anson-25564350,1.27464397804711,103.844741587315,8 ENGGOR STREET SKYSUITES@ANSON SINGAPORE 079718
25076599,Spottiswoode Suites,Sale,1150000.0,1,1,441,Alyssa Poh,24 Aug 2025,16 Spottiswoode Park Road,EW16 Outram Park MRT Station,680.0,2607.71,https://www.propertyguru.com.sg/listing/for-sale-spottiswoode-suites-25076599,1.27603511606189,103.837502046362,16 SPOTTISWOODE PARK ROAD SPOTTISWOODE SUITES SINGAPORE 088661
60079955,Spottiswoode Suites,Sale,1088000.0,1,1,441,Jeslyn Lim,24 Aug 2025,16 Spottiswoode Park Road,EW16 Outram Park MRT Station,680.0,2467.12,https://www.propertyguru.com.sg/listing/for-sale-spottiswoode-suites-60079955,1.27603511606189,103.837502046362,16 SPOTTISWOODE PARK ROAD SPOTTISWOODE SUITES SINGAPORE 088661
60027759,Eon Shenton,Sale,2580000.0,2,2,1109,Sebastian Wong,24 Aug 2025,70 Shenton Way,EW15 Tanjong Pagar MRT Station,350.0,2326.42,https://www.propertyguru.com.sg/listing/for-sale-eon-shenton-60027759,1.27388660363944,103.846235542245,70 SHENTON WAY EON SHENTON SINGAPORE 079118
24367289,Newport Residences,Sale,60000000.0,6,8,12961,Navin Pampan,24 Aug 2025,Anson Road,EW15 Tanjong Pagar MRT Station,510.0,4629.27,https://www.propertyguru.com.sg/listing/for-sale-newport-residences-24367289,,,
25515904,Altez,Sale,5141228.0,3,3,1561,Warrick .,23 Aug 2025,16 Enggor Street,EW15 Tanjong Pagar MRT Station,400.0,3293.55,https://www.propertyguru.com.sg/listing/for-sale-altez-25515904,1.27461794103822,103.844319553688,16 ENGGOR STREET ALTEZ SINGAPORE 079717
21466309,Skysuites @ Anson,Sale,1780000.0,2,2,667,James Tang,25 Aug 2025,8 Enggor Street,EW15 Tanjong Pagar MRT Station,360.0,2668.67,https://www.propertyguru.com.sg/listing/for-sale-skysuites-anson-21466309,1.27464397804711,103.844741587315,8 ENGGOR STREET SKYSUITES@ANSON SINGAPORE 079718
25397303,The Chuan Park Condo,Sale,3800000.0,5,3,1550,Daniel Kam çå¯è²¡,23 Aug 2025,Buy 2br- 5br brand new Condo launch near mrt sale,NS19 Toa Payoh MRT Station,430.0,2451.61,https://www.propertyguru.com.sg/listing/for-sale-the-chuan-park-condo-25397303,,,
25541193,Spottiswoode 18,Sale,899000.0,-1,0,388,Adeline Soh,23 Aug 2025,18 Spottiswoode Park Road,EW16 Outram Park MRT Station,740.0,2317.01,https://www.propertyguru.com.sg/listing/for-sale-spottiswoode-18-25541193,1.27559528527257,103.837559859708,18 SPOTTISWOODE PARK ROAD SPOTTISWOODE 18 SINGAPORE 088642
