ListID,PropertyName,Type,Price,Bedrooms,Bathrooms,Sqft,Author,ListDate,Address,NearestMRT,DistanceToMRT,PricePerSqft,URL
60096553,Springleaf Residence,Sale,2500000.0,4,3,1227,Luis Loh,25 Sep 2025,Upper Thomson Road,TE4 Springleaf MRT Station,230.0,2037.49,https://www.propertyguru.com.sg/listing/for-sale-springleaf-residence-60096553
60104736,Meadows @ Peirce,Sale,2100000.0,3,2,1195,Lloyd Lim,25 Sep 2025,632 Upper Thomson Road,,,1757.32,https://www.propertyguru.com.sg/listing/for-sale-meadows-peirce-60104736
60136833,Meadows @ Peirce,Sale,2120000.0,3,2,1195,Marcus Goh,25 Sep 2025,626 Upper Thomson Road,,,1774.06,https://www.propertyguru.com.sg/listing/for-sale-meadows-peirce-60136833
25490381,Thomson Grove,Sale,2280000.0,3,2,1485,Claudia Ong,23 Sep 2025,Yio Chu Kang Road,TE5 Lentor MRT Station,70.0,1535.35,https://www.propertyguru.com.sg/listing/for-sale-thomson-grove-25490381
60115253,"5bedder condo under $3.1m , Brand new beside mrt",Sale,3070000.0,5,4,1453,Shannon Lai,23 Sep 2025,,TE4 Springleaf MRT Station,140.0,2112.87,https://www.propertyguru.com.sg/listing/for-sale-5bedder-condo-under-3-1m-brand-new-beside-mrt-60115253
60086895,Bullion Park,Sale,1870000.0,3,3,1259,Deborah Wan,23 Sep 2025,168 Lentor Loop,TE5 Lentor MRT Station,980.0,1485.31,https://www.propertyguru.com.sg/listing/for-sale-bullion-park-60086895
60114652,Hillock Green,Sale,2990000.0,3,3,1442,Kelvin Ong,22 Sep 2025,22-28 Lentor Central,TE5 Lentor MRT Station,380.0,2073.51,https://www.propertyguru.com.sg/listing/for-sale-hillock-green-60114652
60109082,The Brooks I & The Brooks II,Sale,1300000.0,2,2,818,Jesper Kow Zhong Jun,22 Sep 2025,25 Springside Green,TE4 Springleaf MRT Station,900.0,1589.24,https://www.propertyguru.com.sg/listing/for-sale-the-brooks-i-the-brooks-ii-60109082
25398297,Hillock Green,Sale,1618000.0,2,1,657,Chris Chua,20 Sep 2025,28 Lentor Central,TE5 Lentor MRT Station,380.0,2462.71,https://www.propertyguru.com.sg/listing/for-sale-hillock-green-25398297
60113807,Springleaf Residence,Sale,2614000.0,4,3,1227,Chris Chua,20 Sep 2025,Upper Thomson Road,TE4 Springleaf MRT Station,230.0,2130.4,https://www.propertyguru.com.sg/listing/for-sale-springleaf-residence-60113807
25608793,Castle Green,Sale,1500000.0,3,3,1151,James Gan,19 Sep 2025,483 Yio Chu Kang Road,TE5 Lentor MRT Station,640.0,1303.21,https://www.propertyguru.com.sg/listing/for-sale-castle-green-25608793
60110764,Springleaf Residence,Sale,2496000.0,4,3,1227,Robin Loh K.B. 罗君彬,19 Sep 2025,Upper Thomson Road,TE4 Springleaf MRT Station,230.0,2034.23,https://www.propertyguru.com.sg/listing/for-sale-springleaf-residence-60110764
60110808,Springleaf Residence,Sale,3054000.0,5,4,1453,Robin Loh K.B. 罗君彬,19 Sep 2025,Upper Thomson Road,TE4 Springleaf MRT Station,230.0,2101.86,https://www.propertyguru.com.sg/listing/for-sale-springleaf-residence-60110808
60110789,Springleaf Residence,Sale,2300000.0,3,2,1119,Robin Loh K.B. 罗君彬,19 Sep 2025,Upper Thomson Road,TE4 Springleaf MRT Station,230.0,2055.41,https://www.propertyguru.com.sg/listing/for-sale-springleaf-residence-60110789
25252330,Lentoria,Sale,2844000.0,4,3,1206,Chernys Lim,21 Sep 2025,36 Lentor Hills Road,TE5 Lentor MRT Station,430.0,2358.21,https://www.propertyguru.com.sg/listing/for-sale-lentoria-25252330
60114632,Hillock Green,Sale,1850000.0,2,2,883,Kelvin Ong,22 Sep 2025,22-28 Lentor Central,TE5 Lentor MRT Station,380.0,2095.13,https://www.propertyguru.com.sg/listing/for-sale-hillock-green-60114632
60106809,Forest Hills Condo,Sale,1488888.0,3,3,1163,Renee Sim,18 Sep 2025,27 Transit Road,TE4 Springleaf MRT Station,690.0,1280.21,https://www.propertyguru.com.sg/listing/for-sale-forest-hills-condo-60106809
60137934,Lentoria,Sale,2112000.0,3,2,936,Ricson Tan,25 Sep 2025,32 Lentor Hills Road,TE5 Lentor MRT Station,430.0,2256.41,https://www.propertyguru.com.sg/listing/for-sale-lentoria-60137934
60067692,The Essence,Sale,1260000.0,2,2,732,Lionel Leong,25 Sep 2025,1 Chong Kuo Road,TE4 Springleaf MRT Station,620.0,1721.31,https://www.propertyguru.com.sg/listing/for-sale-the-essence-60067692
60072900,The Essence,Sale,1299999.0,2,2,689,Eric Leong Yi Da,24 Sep 2025,1 Chong Kuo Road,TE4 Springleaf MRT Station,620.0,1886.79,https://www.propertyguru.com.sg/listing/for-sale-the-essence-60072900
60096429,Springleaf Residence,Sale,3083000.0,5,4,1453,Summer Xia,23 Sep 2025,Upper Thomson Road,TE4 Springleaf MRT Station,230.0,2121.82,https://www.propertyguru.com.sg/listing/for-sale-springleaf-residence-60096429
25468921,Bullion Park,Sale,1380000.0,2,2,807,Chang Nyet Har Michelle,23 Sep 2025,170 Lentor Loop,TE5 Lentor MRT Station,980.0,1710.04,https://www.propertyguru.com.sg/listing/for-sale-bullion-park-25468921
25297084,Lentoria,Sale,2088000.0,3,2,936,Fion Tan,23 Sep 2025,32 Lentor Hills Road,TE5 Lentor MRT Station,430.0,2230.77,https://www.propertyguru.com.sg/listing/for-sale-lentoria-25297084
60134847,The Brooks I & The Brooks II,Sale,1145000.0,2,2,710,Sunita Rai,22 Sep 2025,25 Springside Green,TE4 Springleaf MRT Station,900.0,1612.68,https://www.propertyguru.com.sg/listing/for-sale-the-brooks-i-the-brooks-ii-60134847
60127198,Roots @ Transit,Sale,925000.0,2,1,592,Alastair Goh 吴利汶,22 Sep 2025,9 Transit Road,TE4 Springleaf MRT Station,780.0,1562.5,https://www.propertyguru.com.sg/listing/for-sale-roots-transit-60127198
60118532,Lentor Hills Residences,Sale,1299999.0,1,1,484,Calvin Kang,20 Sep 2025,"Lentor Hills Road (Parcel A), Ang Mo Kio",TE5 Lentor MRT Station,500.0,2685.95,https://www.propertyguru.com.sg/listing/for-sale-lentor-hills-residences-60118532
24615890,The Essence,Sale,1279999.0,2,2,1001,Carine Tan,19 Sep 2025,1 Chong Kuo Road,TE4 Springleaf MRT Station,620.0,1278.72,https://www.propertyguru.com.sg/listing/for-sale-the-essence-24615890
25586561,Meadows @ Peirce,Sale,3890000.0,4,4,2658,Kalvin Lai,25 Sep 2025,630 Upper Thomson Road,,,1463.51,https://www.propertyguru.com.sg/listing/for-sale-meadows-peirce-25586561
25438981,Meadows @ Peirce,Sale,3450000.0,4,4,2088,Lawrence Teo (赵世廷),25 Sep 2025,626 Upper Thomson Road,,,1652.3,https://www.propertyguru.com.sg/listing/for-sale-meadows-peirce-25438981
25574306,The Essence,Sale,1180000.0,2,2,700,Charmaine Choo,25 Sep 2025,1 Chong Kuo Road,TE4 Springleaf MRT Station,620.0,1685.71,https://www.propertyguru.com.sg/listing/for-sale-the-essence-25574306
60036973,Springleaf Residence,Sale,2588000.0,4,3,1270,Steven Deng,25 Sep 2025,Upper Thomson Road,TE4 Springleaf MRT Station,230.0,2037.8,https://www.propertyguru.com.sg/listing/for-sale-springleaf-residence-60036973
60021400,Springleaf Residence,Sale,1890000.0,3,2,958,Steven Deng,25 Sep 2025,Upper Thomson Road,TE4 Springleaf MRT Station,230.0,1972.86,https://www.propertyguru.com.sg/listing/for-sale-springleaf-residence-60021400
60133077,Lentoria,Sale,2940000.0,4,4,1206,Sanche Jagatheesan,25 Sep 2025,36 Lentor Hills Road,TE5 Lentor MRT Station,430.0,2437.81,https://www.propertyguru.com.sg/listing/for-sale-lentoria-60133077
60133076,Lentoria,Sale,1780000.0,2,2,732,Sanche Jagatheesan,25 Sep 2025,36 Lentor Hills Road,TE5 Lentor MRT Station,430.0,2431.69,https://www.propertyguru.com.sg/listing/for-sale-lentoria-60133076
60133078,Lentoria,Sale,2112000.0,3,2,936,Sanche Jagatheesan,25 Sep 2025,38 Lentor Hills Road,TE5 Lentor MRT Station,430.0,2256.41,https://www.propertyguru.com.sg/listing/for-sale-lentoria-60133078
22043567,The Essence,Sale,1200000.0,2,1,624,Stan Lee 李俊豪,25 Sep 2025,1 Chong Kuo Road,TE4 Springleaf MRT Station,620.0,1923.08,https://www.propertyguru.com.sg/listing/for-sale-the-essence-22043567
60044263,Meadows @ Peirce,Sale,4500000.0,5,3,2680,Abigail Liau,18 Sep 2025,630 Upper Thomson Road,,,1679.1,https://www.propertyguru.com.sg/listing/for-sale-meadows-peirce-60044263
24299865,The Essence,Sale,870000.0,1,1,538,Eric Tay,25 Sep 2025,1 Chong Kuo Road,TE4 Springleaf MRT Station,620.0,1617.1,https://www.propertyguru.com.sg/listing/for-sale-the-essence-24299865
60053942,Meadows @ Peirce,Sale,2888888.0,3,3,1518,Brenton John Sim,25 Sep 2025,626 Upper Thomson Road,,,1903.09,https://www.propertyguru.com.sg/listing/for-sale-meadows-peirce-60053942
60137755,Meadows @ Peirce,Sale,2150000.0,2,2,1238,Ben Lee,25 Sep 2025,628 Upper Thomson Road,,,1736.67,https://www.propertyguru.com.sg/listing/for-sale-meadows-peirce-60137755
60137753,Meadows @ Peirce,Sale,2100000.0,2,2,1238,Ben Lee,25 Sep 2025,628 Upper Thomson Road,,,1696.28,https://www.propertyguru.com.sg/listing/for-sale-meadows-peirce-60137753
60083330,Castle Green,Sale,1650000.0,3,3,1216,Pamela Tan,25 Sep 2025,481 Yio Chu Kang Road,TE5 Lentor MRT Station,640.0,1356.91,https://www.propertyguru.com.sg/listing/for-sale-castle-green-60083330
60079140,Castle Green,Sale,1320000.0,2,2,947,Isaac Li,25 Sep 2025,481 Yio Chu Kang Road,TE5 Lentor MRT Station,640.0,1393.88,https://www.propertyguru.com.sg/listing/for-sale-castle-green-60079140
60104707,Meadows @ Peirce,Sale,2080000.0,3,2,1195,Priscilla Chng,25 Sep 2025,632 Upper Thomson Road,,,1740.59,https://www.propertyguru.com.sg/listing/for-sale-meadows-peirce-60104707
60132405,The Essence,Sale,2280000.0,3,2,1259,Sebastian Koh,25 Sep 2025,1 Chong Kuo Road,TE4 Springleaf MRT Station,620.0,1810.96,https://www.propertyguru.com.sg/listing/for-sale-the-essence-60132405
60091432,Castle Green,Sale,1650000.0,3,3,1151,Jean Wu,25 Sep 2025,481 Yio Chu Kang Road,TE5 Lentor MRT Station,640.0,1433.54,https://www.propertyguru.com.sg/listing/for-sale-castle-green-60091432
25589097,Thomson Grove,Sale,2280000.0,3,2,1485,Wilson How,25 Sep 2025,Yio Chu Kang Road,TE5 Lentor MRT Station,70.0,1535.35,https://www.propertyguru.com.sg/listing/for-sale-thomson-grove-25589097
60137326,Lentoria,Sale,2112000.0,3,2,936,Max Lim,24 Sep 2025,38 Lentor Hills Road,TE5 Lentor MRT Station,430.0,2256.41,https://www.propertyguru.com.sg/listing/for-sale-lentoria-60137326
60105165,Hillock Green,Sale,3027000.0,3,3,1442,PEMI .,24 Sep 2025,26 Lentor Central,TE5 Lentor MRT Station,380.0,2099.17,https://www.propertyguru.com.sg/listing/for-sale-hillock-green-60105165
60081305,Lentoria,Sale,1308000.0,1,1,538,PEMI .,24 Sep 2025,32 Lentor Hills Road,TE5 Lentor MRT Station,430.0,2431.23,https://www.propertyguru.com.sg/listing/for-sale-lentoria-60081305
60105164,Hillock Green,Sale,1513000.0,1,1,689,PEMI .,24 Sep 2025,26 Lentor Central,TE5 Lentor MRT Station,380.0,2195.94,https://www.propertyguru.com.sg/listing/for-sale-hillock-green-60105164
25631091,The Essence,Sale,1200000.0,2,1,624,Eunice Cheah,24 Sep 2025,1 Chong Kuo Road,TE4 Springleaf MRT Station,620.0,1923.08,https://www.propertyguru.com.sg/listing/for-sale-the-essence-25631091
60051577,Meadows @ Peirce,Sale,2888888.0,3,3,1518,David Puah 潘基文,24 Sep 2025,626 Upper Thomson Road,,,1903.09,https://www.propertyguru.com.sg/listing/for-sale-meadows-peirce-60051577
25050125,Hillock Green,Sale,1618000.0,2,1,657,Brenton John Sim,24 Sep 2025,22-28 Lentor Central,TE5 Lentor MRT Station,380.0,2462.71,https://www.propertyguru.com.sg/listing/for-sale-hillock-green-25050125
60081233,Lentoria,Sale,2112000.0,3,2,936,PEMI .,24 Sep 2025,38 Lentor Hills Road,TE5 Lentor MRT Station,430.0,2256.41,https://www.propertyguru.com.sg/listing/for-sale-lentoria-60081233
60128690,Lentoria,Sale,1860000.0,2,2,732,Vanessa Yong,24 Sep 2025,36 Lentor Hills Road,TE5 Lentor MRT Station,430.0,2540.98,https://www.propertyguru.com.sg/listing/for-sale-lentoria-60128690
60121830,Springleaf Residence,Sale,2496000.0,4,3,1227,Vanessa Yong,24 Sep 2025,Upper Thomson Road,TE4 Springleaf MRT Station,230.0,2034.23,https://www.propertyguru.com.sg/listing/for-sale-springleaf-residence-60121830
25538043,Hillock Green,Sale,1513000.0,1,1,689,Julie Cassandra,24 Sep 2025,26 Lentor Central,TE5 Lentor MRT Station,380.0,2195.94,https://www.propertyguru.com.sg/listing/for-sale-hillock-green-25538043
60133501,The Essence,Sale,1488888.0,2,2,818,KOH SI KAI,24 Sep 2025,1 Chong Kuo Road,TE4 Springleaf MRT Station,620.0,1820.16,https://www.propertyguru.com.sg/listing/for-sale-the-essence-60133501
60048950,The Essence,Sale,1280000.0,2,2,732,Ding S.Z,24 Sep 2025,1 Chong Kuo Road,TE4 Springleaf MRT Station,620.0,1748.63,https://www.propertyguru.com.sg/listing/for-sale-the-essence-60048950
60082205,Springleaf Residence,Sale,3018000.0,5,4,1453,Karen Tan (陈桂英),24 Sep 2025,Upper Thomson Road,TE4 Springleaf MRT Station,230.0,2077.08,https://www.propertyguru.com.sg/listing/for-sale-springleaf-residence-60082205
60082229,Springleaf Residence,Sale,2448000.0,4,3,1227,Karen Tan (陈桂英),24 Sep 2025,Upper Thomson Road,TE4 Springleaf MRT Station,230.0,1995.11,https://www.propertyguru.com.sg/listing/for-sale-springleaf-residence-60082229
60082238,Springleaf Residence,Sale,2300000.0,3,2,1119,Karen Tan (陈桂英),24 Sep 2025,Upper Thomson Road,TE4 Springleaf MRT Station,230.0,2055.41,https://www.propertyguru.com.sg/listing/for-sale-springleaf-residence-60082238
60136952,Springleaf Residence,Sale,3054000.0,5,4,1453,Tim Tay,24 Sep 2025,Upper Thomson Road,TE4 Springleaf MRT Station,230.0,2101.86,https://www.propertyguru.com.sg/listing/for-sale-springleaf-residence-60136952
60136944,Lentoria,Sale,2112000.0,3,2,936,Tim Tay,24 Sep 2025,38 Lentor Hills Road,TE5 Lentor MRT Station,430.0,2256.41,https://www.propertyguru.com.sg/listing/for-sale-lentoria-60136944
60136940,Springleaf Residence,Sale,2300000.0,3,3,1119,Tim Tay,24 Sep 2025,Upper Thomson Road,TE4 Springleaf MRT Station,230.0,2055.41,https://www.propertyguru.com.sg/listing/for-sale-springleaf-residence-60136940
60136938,Lentoria,Sale,2940000.0,4,4,1206,Tim Tay,24 Sep 2025,36 Lentor Hills Road,TE5 Lentor MRT Station,430.0,2437.81,https://www.propertyguru.com.sg/listing/for-sale-lentoria-60136938
60136935,Springleaf Residence,Sale,2496000.0,4,3,1227,Tim Tay,24 Sep 2025,Upper Thomson Road,TE4 Springleaf MRT Station,230.0,2034.23,https://www.propertyguru.com.sg/listing/for-sale-springleaf-residence-60136935
60078073,Springleaf Residence,Sale,1618000.0,3,2,1076,Lex Lim 林双麟,24 Sep 2025,Upper Thomson Road,TE4 Springleaf MRT Station,230.0,1503.72,https://www.propertyguru.com.sg/listing/for-sale-springleaf-residence-60078073
60082418,The Essence,Sale,1180000.0,2,2,700,Michelle Lee 李淑娴,24 Sep 2025,1 Chong Kuo Road,TE4 Springleaf MRT Station,620.0,1685.71,https://www.propertyguru.com.sg/listing/for-sale-the-essence-60082418
60078080,Springleaf Residence,Sale,2448000.0,4,2,1227,Lex Lim 林双麟,24 Sep 2025,Upper Thomson Road,TE4 Springleaf MRT Station,230.0,1995.11,https://www.propertyguru.com.sg/listing/for-sale-springleaf-residence-60078080
60078063,Springleaf Residence,Sale,1078000.0,2,2,646,Lex Lim 林双麟,24 Sep 2025,Upper Thomson Road,TE4 Springleaf MRT Station,230.0,1668.73,https://www.propertyguru.com.sg/listing/for-sale-springleaf-residence-60078063
60078087,Springleaf Residence,Sale,3018000.0,5,3,1475,Lex Lim 林双麟,24 Sep 2025,Upper Thomson Road,TE4 Springleaf MRT Station,230.0,2046.1,https://www.propertyguru.com.sg/listing/for-sale-springleaf-residence-60078087
60078046,Springleaf Residence,Sale,878000.0,1,1,388,Lex Lim 林双麟,24 Sep 2025,Upper Thomson Road,TE4 Springleaf MRT Station,230.0,2262.89,https://www.propertyguru.com.sg/listing/for-sale-springleaf-residence-60078046
60094242,811 Upper Thomson road,Sale,2505000.0,4,3,1227,Chew Ling Ling 周鈴鈴,24 Sep 2025,,TE4 Springleaf MRT Station,200.0,2041.56,https://www.propertyguru.com.sg/listing/for-sale-811-upper-thomson-road-60094242
25256335,The Essence,Sale,1300000.0,2,2,732,Albert Wong,24 Sep 2025,1 Chong Kuo Road,TE4 Springleaf MRT Station,620.0,1775.96,https://www.propertyguru.com.sg/listing/for-sale-the-essence-25256335
25040002,The Essence,Sale,1180000.0,2,2,700,Hazel Chan,24 Sep 2025,1 Chong Kuo Road,TE4 Springleaf MRT Station,620.0,1685.71,https://www.propertyguru.com.sg/listing/for-sale-the-essence-25040002
60090660,Springleaf Residence,Sale,3000000.0,5,4,1475,Lynnet Yeo,24 Sep 2025,Upper Thomson Road,TE4 Springleaf MRT Station,230.0,2033.9,https://www.propertyguru.com.sg/listing/for-sale-springleaf-residence-60090660
25599763,Hillock Green,Sale,2760000.0,4,3,1184,Chris Toh,24 Sep 2025,22-28 Lentor Central,TE5 Lentor MRT Station,380.0,2331.08,https://www.propertyguru.com.sg/listing/for-sale-hillock-green-25599763
25573922,Forest Hills Condo,Sale,1520000.0,3,3,1163,Josephine Koh,24 Sep 2025,31 Transit Road,TE4 Springleaf MRT Station,690.0,1306.96,https://www.propertyguru.com.sg/listing/for-sale-forest-hills-condo-25573922
25587972,Lentoria,Sale,2451000.0,3,3,1119,Jenell Lee,24 Sep 2025,32 Lentor Hills Road,TE5 Lentor MRT Station,430.0,2190.35,https://www.propertyguru.com.sg/listing/for-sale-lentoria-25587972
25587995,Lentoria,Sale,1910000.0,3,2,936,Jenell Lee,24 Sep 2025,32 Lentor Hills Road,TE5 Lentor MRT Station,430.0,2040.6,https://www.propertyguru.com.sg/listing/for-sale-lentoria-25587995
23980920,The Essence,Sale,870000.0,2,1,538,Dane Kau 高国豪,23 Sep 2025,1 Chong Kuo Road,TE4 Springleaf MRT Station,620.0,1617.1,https://www.propertyguru.com.sg/listing/for-sale-the-essence-23980920
25342525,Seasons Park,Sale,1999999.0,3,3,1292,Keith Ong,23 Sep 2025,491 Yio Chu Kang Road,TE5 Lentor MRT Station,400.0,1547.99,https://www.propertyguru.com.sg/listing/for-sale-seasons-park-25342525
60054486,Thomson Grove,Sale,3500000.0,4,2,2142,Brian Cai,23 Sep 2025,580 Yio Chu Kang Road,TE5 Lentor MRT Station,70.0,1633.99,https://www.propertyguru.com.sg/listing/for-sale-thomson-grove-60054486
25628144,Thomson Grove,Sale,4488000.0,4,3,2896,Lorrain Ng,23 Sep 2025,586 Yio Chu Kang Road,TE5 Lentor MRT Station,70.0,1549.72,https://www.propertyguru.com.sg/listing/for-sale-thomson-grove-25628144
60060162,The Essence,Sale,1250000.0,2,1,786,Vanessa Tan,23 Sep 2025,1 Chong Kuo Road,TE4 Springleaf MRT Station,620.0,1590.33,https://www.propertyguru.com.sg/listing/for-sale-the-essence-60060162
24549099,"⭐️BEST PRICE,MRT , 1KM ST NICHOLAS PRIMARY",Sale,1800000.0,3,2,1109,Eugene Ng,23 Sep 2025,,TE5 Lentor MRT Station,20.0,1623.08,https://www.propertyguru.com.sg/listing/for-sale-best-price-mrt-1km-st-nicholas-primary-24549099
60057320,"❤️ CHEAPER ❤️❤️, NEW CONDO,2 MINS Walk To SPRINGLEAF MRT!",Sale,2880000.0,5,4,1475,Able S.K Toh,23 Sep 2025,★  SPRINGLEAF  RESIDENCE  ★ PREVIEW-VVIP PASS,TE4 Springleaf MRT Station,200.0,1952.54,https://www.propertyguru.com.sg/listing/for-sale-cheaper-new-condo-2-mins-walk-to-springleaf-mrt-60057320
60057313,"❤️❤️ CHEAPER ❤️❤️, NEW CONDO,2 MINS Walk To SPRINGLEAF MRT!",Sale,1800000.0,3,2,904,Able S.K Toh,23 Sep 2025,★  SPRINGLEAF  RESIDENCE  ★ PREVIEW-VVIP PASS,TE4 Springleaf MRT Station,200.0,1991.15,https://www.propertyguru.com.sg/listing/for-sale-cheaper-new-condo-2-mins-walk-to-springleaf-mrt-60057313
25585125,Bullion Park,Sale,1320000.0,2,2,808,Tango Tan,23 Sep 2025,160 Lentor Loop,TE5 Lentor MRT Station,980.0,1633.66,https://www.propertyguru.com.sg/listing/for-sale-bullion-park-25585125
25505124,Seasons Park,Sale,1180000.0,1,1,1076,Jasmine Oh,23 Sep 2025,491 Yio Chu Kang Road,TE5 Lentor MRT Station,400.0,1096.65,https://www.propertyguru.com.sg/listing/for-sale-seasons-park-25505124
60047957,Springleaf Residence,Sale,2614000.0,4,3,1227,Daniel Wee,23 Sep 2025,Upper Thomson Road,TE4 Springleaf MRT Station,230.0,2130.4,https://www.propertyguru.com.sg/listing/for-sale-springleaf-residence-60047957
60096417,Springleaf Residence,Sale,2636000.0,3,2,1259,Jasmine Tan YC,23 Sep 2025,Upper Thomson Road,TE4 Springleaf MRT Station,230.0,2093.73,https://www.propertyguru.com.sg/listing/for-sale-springleaf-residence-60096417
60096451,Springleaf Residence,Sale,3083000.0,5,4,1453,Jasmine Tan YC,23 Sep 2025,Upper Thomson Road,TE4 Springleaf MRT Station,230.0,2121.82,https://www.propertyguru.com.sg/listing/for-sale-springleaf-residence-60096451
25584390,The Essence,Sale,1050000.0,2,1,624,Jun Mak J W,23 Sep 2025,1 Chong Kuo Road,TE4 Springleaf MRT Station,620.0,1682.69,https://www.propertyguru.com.sg/listing/for-sale-the-essence-25584390
25039559,Lentoria,Sale,1680000.0,2,1,700,Joei Lim 林芯彤,23 Sep 2025,32 Lentor Hills Road,TE5 Lentor MRT Station,430.0,2400.0,https://www.propertyguru.com.sg/listing/for-sale-lentoria-25039559
25341213,The Calrose,Sale,3200000.0,3,2,2024,Lincoln Choo,23 Sep 2025,511 Yio Chu Kang Road,TE5 Lentor MRT Station,270.0,1581.03,https://www.propertyguru.com.sg/listing/for-sale-the-calrose-25341213
60073156,The Essence,Sale,1100000.0,2,1,624,Marcus Tan,23 Sep 2025,1 Chong Kuo Road,TE4 Springleaf MRT Station,620.0,1762.82,https://www.propertyguru.com.sg/listing/for-sale-the-essence-60073156
25297139,Lentoria,Sale,1300000.0,1,1,538,Fion Tan,22 Sep 2025,32 Lentor Hills Road,TE5 Lentor MRT Station,430.0,2416.36,https://www.propertyguru.com.sg/listing/for-sale-lentoria-25297139
60049000,Meadows @ Peirce,Sale,2888888.0,3,3,1518,Ice Leong,22 Sep 2025,626 Upper Thomson Road,,,1903.09,https://www.propertyguru.com.sg/listing/for-sale-meadows-peirce-60049000
60134363,Lentoria,Sale,2780000.0,4,4,1345,Jiaying Yeo,22 Sep 2025,32 Lentor Hills Road,TE5 Lentor MRT Station,430.0,2066.91,https://www.propertyguru.com.sg/listing/for-sale-lentoria-60134363
60134325,Lentoria,Sale,2725000.0,3,3,1119,Jiaying Yeo,22 Sep 2025,36 Lentor Hills Road,TE5 Lentor MRT Station,430.0,2435.21,https://www.propertyguru.com.sg/listing/for-sale-lentoria-60134325
60102007,Meadows @ Peirce,Sale,4500000.0,5,3,2680,Aaron Siah,22 Sep 2025,630 Upper Thomson Road,,,1679.1,https://www.propertyguru.com.sg/listing/for-sale-meadows-peirce-60102007
60134292,Lentoria,Sale,1990000.0,3,2,936,Jiaying Yeo,22 Sep 2025,32 Lentor Hills Road,TE5 Lentor MRT Station,430.0,2126.07,https://www.propertyguru.com.sg/listing/for-sale-lentoria-60134292
25575019,Forest Hills Condo,Sale,1520000.0,3,3,1163,Alex Wong,22 Sep 2025,31 Transit Road,TE4 Springleaf MRT Station,690.0,1306.96,https://www.propertyguru.com.sg/listing/for-sale-forest-hills-condo-25575019
60094347,Upper Thomson Freehold 3 Bedroom,Sale,2000000.0,2,2,1000,Amanda Goh,22 Sep 2025,,,,2000.0,https://www.propertyguru.com.sg/listing/for-sale-upper-thomson-freehold-3-bedroom-60094347
60067190,Meadows @ Peirce,Sale,2050000.0,2,2,1152,Amanda Goh,22 Sep 2025,628 Upper Thomson Road,,,1779.51,https://www.propertyguru.com.sg/listing/for-sale-meadows-peirce-60067190
60133961,The Essence,Sale,1230000.0,2,2,700,Aaron Yeo,23 Sep 2025,1 Chong Kuo Road,TE4 Springleaf MRT Station,620.0,1757.14,https://www.propertyguru.com.sg/listing/for-sale-the-essence-60133961
25587970,Lentoria,Sale,2580000.0,4,4,1206,Jenell Lee,22 Sep 2025,32 Lentor Hills Road,TE5 Lentor MRT Station,430.0,2139.3,https://www.propertyguru.com.sg/listing/for-sale-lentoria-25587970
25587964,Lentoria,Sale,2775000.0,4,4,1345,Jenell Lee,22 Sep 2025,32 Lentor Hills Road,TE5 Lentor MRT Station,430.0,2063.2,https://www.propertyguru.com.sg/listing/for-sale-lentoria-25587964
25587913,Lentoria,Sale,1638000.0,2,2,700,Jenell Lee,22 Sep 2025,32 Lentor Hills Road,TE5 Lentor MRT Station,430.0,2340.0,https://www.propertyguru.com.sg/listing/for-sale-lentoria-25587913
60039204,The Calrose,Sale,2700000.0,3,3,1249,Arissa Tan,21 Sep 2025,511 Yio Chu Kang Road,TE5 Lentor MRT Station,270.0,2161.73,https://www.propertyguru.com.sg/listing/for-sale-the-calrose-60039204
60122290,Lentor Hills Residences,Sale,1200000.0,1,1,484,Matthew Chow,21 Sep 2025,"Lentor Hills Road (Parcel A), Ang Mo Kio",TE5 Lentor MRT Station,500.0,2479.34,https://www.propertyguru.com.sg/listing/for-sale-lentor-hills-residences-60122290
24977025,Lentoria,Sale,1689000.0,2,2,700,Chris Chua,21 Sep 2025,32 Lentor Hills Road,TE5 Lentor MRT Station,430.0,2412.86,https://www.propertyguru.com.sg/listing/for-sale-lentoria-24977025
24976909,Lentoria,Sale,1308000.0,1,1,538,Chris Chua,21 Sep 2025,32 Lentor Hills Road,TE5 Lentor MRT Station,430.0,2431.23,https://www.propertyguru.com.sg/listing/for-sale-lentoria-24976909
60084367,The Essence,Sale,870000.0,1,1,538,Edmund Lim,21 Sep 2025,1 Chong Kuo Road,TE4 Springleaf MRT Station,620.0,1617.1,https://www.propertyguru.com.sg/listing/for-sale-the-essence-60084367
60133080,Hillock Green,Sale,3027000.0,3,3,1442,Sanche Jagatheesan,21 Sep 2025,26 Lentor Central,TE5 Lentor MRT Station,380.0,2099.17,https://www.propertyguru.com.sg/listing/for-sale-hillock-green-60133080
60133079,Hillock Green,Sale,1748000.0,2,1,775,Sanche Jagatheesan,21 Sep 2025,28 Lentor Central,TE5 Lentor MRT Station,380.0,2255.48,https://www.propertyguru.com.sg/listing/for-sale-hillock-green-60133079
60133040,Springleaf Residence,Sale,3054000.0,5,4,1453,Sanche Jagatheesan,21 Sep 2025,Upper Thomson Road,TE4 Springleaf MRT Station,230.0,2101.86,https://www.propertyguru.com.sg/listing/for-sale-springleaf-residence-60133040
24885867,Forest Hills Condo,Sale,1780000.0,3,3,1367,Sylvester Jader (S.J.),21 Sep 2025,31 Transit Road,TE4 Springleaf MRT Station,690.0,1302.12,https://www.propertyguru.com.sg/listing/for-sale-forest-hills-condo-24885867
60114493,Bullion Park,Sale,1480000.0,2,2,807,Leticia Ching,20 Sep 2025,166 Lentor Loop,TE5 Lentor MRT Station,980.0,1833.95,https://www.propertyguru.com.sg/listing/for-sale-bullion-park-60114493
60075681,Springleaf Residence,Sale,2974000.0,5,4,1453,Lee Gek Keng (G K Lee),20 Sep 2025,Upper Thomson Road,TE4 Springleaf MRT Station,230.0,2046.8,https://www.propertyguru.com.sg/listing/for-sale-springleaf-residence-60075681
25095512,Lentoria,Sale,1200000.0,1,1,538,Lee Gek Keng (G K Lee),20 Sep 2025,32 Lentor Hills Road,TE5 Lentor MRT Station,430.0,2230.48,https://www.propertyguru.com.sg/listing/for-sale-lentoria-25095512
60093468,Meadows @ Peirce,Sale,2050000.0,2,2,1152,Timothy Choo Jun Hong,20 Sep 2025,628 Upper Thomson Road,,,1779.51,https://www.propertyguru.com.sg/listing/for-sale-meadows-peirce-60093468
60068442,Springleaf Residence,Sale,2699000.0,5,4,1453,Christina Tan,20 Sep 2025,Upper Thomson Road,TE4 Springleaf MRT Station,230.0,1857.54,https://www.propertyguru.com.sg/listing/for-sale-springleaf-residence-60068442
25310048,Lentoria,Sale,2058000.0,3,2,936,Murphy Lee 李国聪,20 Sep 2025,32 Lentor Hills Road,TE5 Lentor MRT Station,430.0,2198.72,https://www.propertyguru.com.sg/listing/for-sale-lentoria-25310048
25309526,Lentoria,Sale,2888000.0,4,4,1206,Murphy Lee 李国聪,20 Sep 2025,36 Lentor Hills Road,TE5 Lentor MRT Station,430.0,2394.69,https://www.propertyguru.com.sg/listing/for-sale-lentoria-25309526
25551323,Lentoria,Sale,2760000.0,4,3,1206,Nancy Lee,20 Sep 2025,32 Lentor Hills Road,TE5 Lentor MRT Station,430.0,2288.56,https://www.propertyguru.com.sg/listing/for-sale-lentoria-25551323
60067915,Springleaf Residence,Sale,2300000.0,3,2,1119,Joan Ong,20 Sep 2025,Upper Thomson Road,TE4 Springleaf MRT Station,230.0,2055.41,https://www.propertyguru.com.sg/listing/for-sale-springleaf-residence-60067915
60083185,Castle Green,Sale,1650000.0,3,3,1216,Wang Shirley,20 Sep 2025,483 Yio Chu Kang Road,TE5 Lentor MRT Station,640.0,1356.91,https://www.propertyguru.com.sg/listing/for-sale-castle-green-60083185
25039397,Lentoria,Sale,1300000.0,2,1,538,Joei Lim 林芯彤,20 Sep 2025,32 Lentor Hills Road,TE5 Lentor MRT Station,430.0,2416.36,https://www.propertyguru.com.sg/listing/for-sale-lentoria-25039397
60106685,Castle Green,Sale,1320000.0,2,2,947,Celena Tan,25 Sep 2025,481 Yio Chu Kang Road,TE5 Lentor MRT Station,640.0,1393.88,https://www.propertyguru.com.sg/listing/for-sale-castle-green-60106685
60086218,Undervalued for sale spacious Condo with large private terrace,Sale,3199999.0,3,3,2174,Erica Yap,19 Sep 2025,,TE8 Upper Thomson MRT Station,420.0,1471.94,https://www.propertyguru.com.sg/listing/for-sale-undervalued-for-sale-spacious-condo-with-large-private-terrace-60086218
60061343,Springleaf Residence,Sale,2500000.0,4,4,1227,Chian Poh,19 Sep 2025,Upper Thomson Road,TE4 Springleaf MRT Station,230.0,2037.49,https://www.propertyguru.com.sg/listing/for-sale-springleaf-residence-60061343
60085090,Springleaf Residence,Sale,1318000.0,2,2,646,Bobby Bok,19 Sep 2025,Upper Thomson Road,TE4 Springleaf MRT Station,230.0,2040.25,https://www.propertyguru.com.sg/listing/for-sale-springleaf-residence-60085090
24622393,Seasons Park,Sale,1408888.0,2,2,1066,Jason (Kit Kat),23 Sep 2025,491 Yio Chu Kang Road,TE5 Lentor MRT Station,400.0,1321.66,https://www.propertyguru.com.sg/listing/for-sale-seasons-park-24622393
60094474,Springleaf Residence,Sale,2293000.0,3,3,1119,Wilson Lee,19 Sep 2025,Upper Thomson Road,TE4 Springleaf MRT Station,230.0,2049.15,https://www.propertyguru.com.sg/listing/for-sale-springleaf-residence-60094474
60072485,Springleaf Residence,Sale,1078000.0,2,2,527,Frankie Poh,19 Sep 2025,Upper Thomson Road,TE4 Springleaf MRT Station,230.0,2045.54,https://www.propertyguru.com.sg/listing/for-sale-springleaf-residence-60072485
60076435,Springleaf Residence,Sale,2448000.0,3,3,1227,Frankie Poh,19 Sep 2025,Upper Thomson Road,TE4 Springleaf MRT Station,230.0,1995.11,https://www.propertyguru.com.sg/listing/for-sale-springleaf-residence-60076435
25623946,Seasons Park,Sale,1800000.0,3,3,1292,Bryan Wee,21 Sep 2025,499 Yio Chu Kang Road,TE5 Lentor MRT Station,400.0,1393.19,https://www.propertyguru.com.sg/listing/for-sale-seasons-park-25623946
60093114,Seasons Park,Sale,1858000.0,3,3,1292,Jane Goh,19 Sep 2025,491 Yio Chu Kang Road,TE5 Lentor MRT Station,400.0,1438.08,https://www.propertyguru.com.sg/listing/for-sale-seasons-park-60093114
25205027,Lentoria,Sale,2725700.0,3,2,1119,Lawrence Phua,19 Sep 2025,32 Lentor Hills Road,TE5 Lentor MRT Station,430.0,2435.84,https://www.propertyguru.com.sg/listing/for-sale-lentoria-25205027
60045879,Bullion Park,Sale,1435000.0,2,2,807,Chandra .,19 Sep 2025,164 Lentor Loop,TE5 Lentor MRT Station,980.0,1778.19,https://www.propertyguru.com.sg/listing/for-sale-bullion-park-60045879
60130659,!!! CHEAPEST !!! RARE !!! BIG AND SPACIOUS !!! WALK TO MRT !!!,Sale,3020000.0,5,4,1453,Eugene Khor,19 Sep 2025,,TE4 Springleaf MRT Station,100.0,2078.46,https://www.propertyguru.com.sg/listing/for-sale-cheapest-rare-big-and-spacious-walk-to-mrt-60130659
60080399,Lentoria,Sale,1730000.0,2,2,732,Joyce Chew,18 Sep 2025,38 Lentor Hills Road,TE5 Lentor MRT Station,430.0,2363.39,https://www.propertyguru.com.sg/listing/for-sale-lentoria-60080399
60080398,Lentoria,Sale,1308000.0,1,1,538,Joyce Chew,18 Sep 2025,32 Lentor Hills Road,TE5 Lentor MRT Station,430.0,2431.23,https://www.propertyguru.com.sg/listing/for-sale-lentoria-60080398
25552046,The Essence,Sale,900000.0,1,1,538,Chuang Kuo Wei 庄国玮,18 Sep 2025,1 Chong Kuo Road,TE4 Springleaf MRT Station,620.0,1672.86,https://www.propertyguru.com.sg/listing/for-sale-the-essence-25552046
25572584,Bullion Park,Sale,1320000.0,2,2,807,Tango Tan,18 Sep 2025,160 Lentor Loop,TE5 Lentor MRT Station,980.0,1635.69,https://www.propertyguru.com.sg/listing/for-sale-bullion-park-25572584
60130238,"⭐️ Next to MRT, Near AMK and YCK, Unblock Greenery view",Sale,3100000.0,5,4,1453,Alyssa Chia,18 Sep 2025,,TE4 Springleaf MRT Station,100.0,2133.52,https://www.propertyguru.com.sg/listing/for-sale-next-to-mrt-near-amk-and-yck-unblock-greenery-view-60130238
60112375,Forest Hills Condo,Sale,1488888.0,3,3,1163,Karen Cheng,18 Sep 2025,27 Transit Road,TE4 Springleaf MRT Station,690.0,1280.21,https://www.propertyguru.com.sg/listing/for-sale-forest-hills-condo-60112375
60101883,Springleaf Residence,Sale,2862000.0,4,3,1227,Kenneth Khoo,18 Sep 2025,Upper Thomson Road,TE4 Springleaf MRT Station,230.0,2332.52,https://www.propertyguru.com.sg/listing/for-sale-springleaf-residence-60101883
25628468,Thomson Grove,Sale,4480000.0,5,4,2896,Kenny Sia,18 Sep 2025,580 Yio Chu Kang Road,TE5 Lentor MRT Station,70.0,1546.96,https://www.propertyguru.com.sg/listing/for-sale-thomson-grove-25628468
60095039,Bullion Park,Sale,1480000.0,2,2,807,Pauline Chong,18 Sep 2025,166 Lentor Loop,TE5 Lentor MRT Station,980.0,1833.95,https://www.propertyguru.com.sg/listing/for-sale-bullion-park-60095039
60093851,Springleaf Residence,Sale,3180000.0,5,4,1453,Jacqueline Tan,18 Sep 2025,Upper Thomson Road,TE4 Springleaf MRT Station,230.0,2188.58,https://www.propertyguru.com.sg/listing/for-sale-springleaf-residence-60093851
60109473,Castle Green,Sale,1420000.0,2,2,948,Glenn Lau 刘祖成,18 Sep 2025,481 Yio Chu Kang Road,TE5 Lentor MRT Station,640.0,1497.89,https://www.propertyguru.com.sg/listing/for-sale-castle-green-60109473
60067955,Springleaf Residence,Sale,2300000.0,3,2,1119,Kenny Lee,18 Sep 2025,Upper Thomson Road,TE4 Springleaf MRT Station,230.0,2055.41,https://www.propertyguru.com.sg/listing/for-sale-springleaf-residence-60067955
60104919,Springleaf Residence,Sale,3054000.0,5,4,1453,Loriana Ong,18 Sep 2025,Upper Thomson Road,TE4 Springleaf MRT Station,230.0,2101.86,https://www.propertyguru.com.sg/listing/for-sale-springleaf-residence-60104919
25152553,Thomson Grove,Sale,2199999.0,3,3,1486,Aaron Lin,18 Sep 2025,584 Yio Chu Kang Road,TE5 Lentor MRT Station,70.0,1480.48,https://www.propertyguru.com.sg/listing/for-sale-thomson-grove-25152553
25460525,Hillock Green,Sale,3027000.0,3,2,1442,Chris Chua,18 Sep 2025,22-28 Lentor Central,TE5 Lentor MRT Station,380.0,2099.17,https://www.propertyguru.com.sg/listing/for-sale-hillock-green-25460525
60129405,Springleaf Residence,Sale,2849000.0,4,3,1227,Dennis Lim,18 Sep 2025,Upper Thomson Road,TE4 Springleaf MRT Station,230.0,2321.92,https://www.propertyguru.com.sg/listing/for-sale-springleaf-residence-60129405
60079990,Springleaf Residence,Sale,1522000.0,3,2,790,Fion Sng,18 Sep 2025,Upper Thomson Road,TE4 Springleaf MRT Station,230.0,1926.58,https://www.propertyguru.com.sg/listing/for-sale-springleaf-residence-60079990
60099720,Castle Green,Sale,1420000.0,2,2,947,MH Quek,17 Sep 2025,481 Yio Chu Kang Road,TE5 Lentor MRT Station,640.0,1499.47,https://www.propertyguru.com.sg/listing/for-sale-castle-green-60099720
60129067,Lentoria,Sale,2753800.0,3,2,1119,Keith Chua,18 Sep 2025,32 Lentor Hills Road,TE5 Lentor MRT Station,430.0,2460.95,https://www.propertyguru.com.sg/listing/for-sale-lentoria-60129067
25633659,Meadows @ Peirce,Sale,2600000.0,3,2,2239,Andrew Wong,17 Sep 2025,628 Upper Thomson Road,,,1161.23,https://www.propertyguru.com.sg/listing/for-sale-meadows-peirce-25633659
24714500,The Essence,Sale,1350000.0,2,2,1001,Pauline Chia,17 Sep 2025,1 Chong Kuo Road,TE4 Springleaf MRT Station,620.0,1348.65,https://www.propertyguru.com.sg/listing/for-sale-the-essence-24714500
60075536,Springleaf Residence,Sale,3421000.0,5,4,1475,Diana Lee,17 Sep 2025,Upper Thomson Road,TE4 Springleaf MRT Station,230.0,2319.32,https://www.propertyguru.com.sg/listing/for-sale-springleaf-residence-60075536
60094340,Springleaf Residence,Sale,3054000.0,5,4,1453,Chew Ling Ling 周鈴鈴,17 Sep 2025,Upper Thomson Road,TE4 Springleaf MRT Station,230.0,2101.86,https://www.propertyguru.com.sg/listing/for-sale-springleaf-residence-60094340
60128294,Springleaf Residence,Sale,2147000.0,3,2,1022,Lawrence Ang,17 Sep 2025,Upper Thomson Road,TE4 Springleaf MRT Station,230.0,2100.78,https://www.propertyguru.com.sg/listing/for-sale-springleaf-residence-60128294
60128279,Springleaf Residence,Sale,2300000.0,3,3,1119,Carol Sankeran,17 Sep 2025,Upper Thomson Road,TE4 Springleaf MRT Station,230.0,2055.41,https://www.propertyguru.com.sg/listing/for-sale-springleaf-residence-60128279
60072399,The Essence,Sale,1299999.0,2,2,689,Christine Tan,17 Sep 2025,1 Chong Kuo Road,TE4 Springleaf MRT Station,620.0,1886.79,https://www.propertyguru.com.sg/listing/for-sale-the-essence-60072399
60101268,Lentoria,Sale,2820000.0,4,4,1206,Ong Yi Jie,16 Sep 2025,38 Lentor Hills Road,TE5 Lentor MRT Station,430.0,2338.31,https://www.propertyguru.com.sg/listing/for-sale-lentoria-60101268
60101265,Springleaf Residence,Sale,3019000.0,5,4,1453,Ong Yi Jie,16 Sep 2025,Upper Thomson Road,TE4 Springleaf MRT Station,230.0,2077.77,https://www.propertyguru.com.sg/listing/for-sale-springleaf-residence-60101265
60101266,Springleaf Residence,Sale,2496000.0,4,3,1227,Ong Yi Jie,16 Sep 2025,Upper Thomson Road,TE4 Springleaf MRT Station,230.0,2034.23,https://www.propertyguru.com.sg/listing/for-sale-springleaf-residence-60101266
25523258,Lentoria,Sale,2700000.0,4,4,1206,Terrence Tay,16 Sep 2025,36 Lentor Hills Road,TE5 Lentor MRT Station,430.0,2238.81,https://www.propertyguru.com.sg/listing/for-sale-lentoria-25523258
25634116,The Essence,Sale,900000.0,2,1,538,Jemaine Ng,16 Sep 2025,1 Chong Kuo Road,TE4 Springleaf MRT Station,620.0,1672.86,https://www.propertyguru.com.sg/listing/for-sale-the-essence-25634116
60115841,Lentoria,Sale,2112000.0,3,2,936,Carol Sankeran,16 Sep 2025,38 Lentor Hills Road,TE5 Lentor MRT Station,430.0,2256.41,https://www.propertyguru.com.sg/listing/for-sale-lentoria-60115841
60115837,Springleaf Residence,Sale,2300000.0,3,2,1119,Carol Sankeran,16 Sep 2025,Upper Thomson Road,TE4 Springleaf MRT Station,230.0,2055.41,https://www.propertyguru.com.sg/listing/for-sale-springleaf-residence-60115837
60127004,Cheapest Lentor 3 Bedroom equivalent! 1044sqft! Fully Renovated!,Sale,1399999.0,3,2,1044,Christian Oh,18 Sep 2025,,TE5 Lentor MRT Station,330.0,1341.0,https://www.propertyguru.com.sg/listing/for-sale-cheapest-lentor-3-bedroom-equivalent-1044sqft-fully-renovated-60127004
25525451,Seasons Park,Sale,1399999.0,3,2,1044,Christian Oh,16 Sep 2025,491 Yio Chu Kang Road,TE5 Lentor MRT Station,400.0,1341.0,https://www.propertyguru.com.sg/listing/for-sale-seasons-park-25525451
25485186,Lentoria,Sale,2112000.0,3,2,936,Arthur Loo,15 Sep 2025,38 Lentor Hills Road,TE5 Lentor MRT Station,430.0,2256.41,https://www.propertyguru.com.sg/listing/for-sale-lentoria-25485186
25485191,Lentoria,Sale,1689000.0,2,2,700,Arthur Loo,15 Sep 2025,36 Lentor Hills Road,TE5 Lentor MRT Station,430.0,2412.86,https://www.propertyguru.com.sg/listing/for-sale-lentoria-25485191
60082401,The Essence,Sale,1180000.0,2,2,700,Cherie Tay,15 Sep 2025,1 Chong Kuo Road,TE4 Springleaf MRT Station,620.0,1685.71,https://www.propertyguru.com.sg/listing/for-sale-the-essence-60082401
25485110,Hillock Green,Sale,2423000.0,3,2,1141,Arthur Loo,15 Sep 2025,28 Lentor Central,TE5 Lentor MRT Station,380.0,2123.58,https://www.propertyguru.com.sg/listing/for-sale-hillock-green-25485110
25485107,Hillock Green,Sale,1571000.0,2,1,624,Arthur Loo,15 Sep 2025,28 Lentor Central,TE5 Lentor MRT Station,380.0,2517.63,https://www.propertyguru.com.sg/listing/for-sale-hillock-green-25485107
25485103,Hillock Green,Sale,1513000.0,1,1,689,Arthur Loo,15 Sep 2025,22-28 Lentor Central,TE5 Lentor MRT Station,380.0,2195.94,https://www.propertyguru.com.sg/listing/for-sale-hillock-green-25485103
24561661,The Essence,Sale,1150000.0,2,2,624,Myron Pang Kian Hann,15 Sep 2025,1 Chong Kuo Road,TE4 Springleaf MRT Station,620.0,1842.95,https://www.propertyguru.com.sg/listing/for-sale-the-essence-24561661
60083994,Hillock Green,Sale,2955888.0,3,3,1442,Serene Ong,15 Sep 2025,22-28 Lentor Central,TE5 Lentor MRT Station,380.0,2049.85,https://www.propertyguru.com.sg/listing/for-sale-hillock-green-60083994
25297992,Hillock Green,Sale,1748000.0,2,0,657,Ida Ho,15 Sep 2025,22-28 Lentor Central,TE5 Lentor MRT Station,380.0,2660.58,https://www.propertyguru.com.sg/listing/for-sale-hillock-green-25297992
60125227,Bullion Park,Sale,1450000.0,2,2,807,Brenda Tan,15 Sep 2025,162 Lentor Loop,TE5 Lentor MRT Station,980.0,1796.78,https://www.propertyguru.com.sg/listing/for-sale-bullion-park-60125227
24784815,Hillock Green,Sale,1935000.0,2,2,958,Susan Ong,15 Sep 2025,22-28 Lentor Central,TE5 Lentor MRT Station,380.0,2019.83,https://www.propertyguru.com.sg/listing/for-sale-hillock-green-24784815
60125026,Springleaf Residence,Sale,2174000.0,3,3,1023,Vaune Phan,14 Sep 2025,Upper Thomson Road,TE4 Springleaf MRT Station,230.0,2125.12,https://www.propertyguru.com.sg/listing/for-sale-springleaf-residence-60125026
60125009,Lentoria,Sale,2162000.0,3,2,936,William Tan,14 Sep 2025,38 Lentor Hills Road,TE5 Lentor MRT Station,430.0,2309.83,https://www.propertyguru.com.sg/listing/for-sale-lentoria-60125009
60124969,Springleaf Residence,Sale,2496000.0,4,3,1227,Angie Ng,18 Sep 2025,Upper Thomson Road,TE4 Springleaf MRT Station,230.0,2034.23,https://www.propertyguru.com.sg/listing/for-sale-springleaf-residence-60124969
25622323,Lentor Mansion,Sale,1280000.0,2,1,527,Lincoln Choo,14 Sep 2025,52-64 Lentor Gardens,TE5 Lentor MRT Station,540.0,2428.84,https://www.propertyguru.com.sg/listing/for-sale-lentor-mansion-25622323
60082855,Springleaf Residence,Sale,1780000.0,3,2,904,Jaymee Gam,14 Sep 2025,Upper Thomson Road,TE4 Springleaf MRT Station,230.0,1969.03,https://www.propertyguru.com.sg/listing/for-sale-springleaf-residence-60082855
21824255,Bullion Park,Sale,1488888.0,2,2,807,Michelle Tan,14 Sep 2025,168 Lentor Loop,TE5 Lentor MRT Station,980.0,1844.97,https://www.propertyguru.com.sg/listing/for-sale-bullion-park-21824255
19274658,Bullion Park,Sale,1388000.0,2,2,807,Juddy Yap,13 Sep 2025,168 Lentor Loop,TE5 Lentor MRT Station,980.0,1719.95,https://www.propertyguru.com.sg/listing/for-sale-bullion-park-19274658
60082458,Springleaf Residence,Sale,2258000.0,3,3,1119,Murphy Lee 李国聪,18 Sep 2025,Upper Thomson Road,TE4 Springleaf MRT Station,230.0,2017.87,https://www.propertyguru.com.sg/listing/for-sale-springleaf-residence-60082458
60082408,Springleaf Residence,Sale,3000000.0,5,4,1475,Murphy Lee 李国聪,13 Sep 2025,Upper Thomson Road,TE4 Springleaf MRT Station,230.0,2033.9,https://www.propertyguru.com.sg/listing/for-sale-springleaf-residence-60082408
24908799,Hillock Green,Sale,3027000.0,3,2,1442,Lynne Wong,13 Sep 2025,22-28 Lentor Central,TE5 Lentor MRT Station,380.0,2099.17,https://www.propertyguru.com.sg/listing/for-sale-hillock-green-24908799
25557225,Castle Green,Sale,1260000.0,2,2,947,Yuelin Shen,13 Sep 2025,487 Yio Chu Kang Road,TE5 Lentor MRT Station,640.0,1330.52,https://www.propertyguru.com.sg/listing/for-sale-castle-green-25557225
60085424,Hillock Green,Sale,1618000.0,2,1,657,Siok Xue Qian,12 Sep 2025,22-28 Lentor Central,TE5 Lentor MRT Station,380.0,2462.71,https://www.propertyguru.com.sg/listing/for-sale-hillock-green-60085424
60085404,Lentoria,Sale,2112000.0,3,2,936,Siok Xue Qian,12 Sep 2025,32 Lentor Hills Road,TE5 Lentor MRT Station,430.0,2256.41,https://www.propertyguru.com.sg/listing/for-sale-lentoria-60085404
60086762,Springleaf Residence,Sale,2496000.0,4,3,1227,Nicole Ng,12 Sep 2025,Upper Thomson Road,TE4 Springleaf MRT Station,230.0,2034.23,https://www.propertyguru.com.sg/listing/for-sale-springleaf-residence-60086762
60108443,Lentoria,Sale,2112000.0,3,2,936,Dennis Lee,12 Sep 2025,38 Lentor Hills Road,TE5 Lentor MRT Station,430.0,2256.41,https://www.propertyguru.com.sg/listing/for-sale-lentoria-60108443
60099460,Lentoria,Sale,2820000.0,4,4,1206,Jocelyn Chia,12 Sep 2025,32 Lentor Hills Road,TE5 Lentor MRT Station,430.0,2338.31,https://www.propertyguru.com.sg/listing/for-sale-lentoria-60099460
60122818,The Calrose,Sale,2800000.0,3,3,1249,Jason Lim,12 Sep 2025,515 Yio Chu Kang Road,TE5 Lentor MRT Station,270.0,2241.79,https://www.propertyguru.com.sg/listing/for-sale-the-calrose-60122818
25284857,Hillock Green,Sale,1650000.0,2,2,710,James Lim,12 Sep 2025,22-28 Lentor Central,TE5 Lentor MRT Station,380.0,2323.94,https://www.propertyguru.com.sg/listing/for-sale-hillock-green-25284857
25284628,Hillock Green,Sale,2110000.0,3,3,1023,James Lim,12 Sep 2025,22-28 Lentor Central,TE5 Lentor MRT Station,380.0,2062.56,https://www.propertyguru.com.sg/listing/for-sale-hillock-green-25284628
25284657,Hillock Green,Sale,1950000.0,3,2,947,James Lim,12 Sep 2025,22-28 Lentor Central,TE5 Lentor MRT Station,380.0,2059.13,https://www.propertyguru.com.sg/listing/for-sale-hillock-green-25284657
60099108,Springleaf Residence,Sale,3070000.0,5,4,1453,Helen Neo,12 Sep 2025,Upper Thomson Road,TE4 Springleaf MRT Station,230.0,2112.87,https://www.propertyguru.com.sg/listing/for-sale-springleaf-residence-60099108
60070319,Springleaf Residence,Sale,3018000.0,5,4,1453,Gina Chye,12 Sep 2025,Upper Thomson Road,TE4 Springleaf MRT Station,230.0,2077.08,https://www.propertyguru.com.sg/listing/for-sale-springleaf-residence-60070319
60082407,Springleaf Residence,Sale,2500000.0,3,3,1259,Murphy Lee 李国聪,18 Sep 2025,Upper Thomson Road,TE4 Springleaf MRT Station,230.0,1985.7,https://www.propertyguru.com.sg/listing/for-sale-springleaf-residence-60082407
25632935,Bullion Park,Sale,1320000.0,2,2,808,Tango Tan,11 Sep 2025,160 Lentor Loop,TE5 Lentor MRT Station,980.0,1633.66,https://www.propertyguru.com.sg/listing/for-sale-bullion-park-25632935
60063514,Springleaf Residence,Sale,2300000.0,3,2,1119,GERRAD .,11 Sep 2025,Upper Thomson Road,TE4 Springleaf MRT Station,230.0,2055.41,https://www.propertyguru.com.sg/listing/for-sale-springleaf-residence-60063514
60079463,Springleaf Residence,Sale,2496000.0,4,3,1227,Helen Chan,11 Sep 2025,Upper Thomson Road,TE4 Springleaf MRT Station,230.0,2034.23,https://www.propertyguru.com.sg/listing/for-sale-springleaf-residence-60079463
60077058,Springleaf Residence,Sale,3062000.0,5,4,1453,Ang Lay See,11 Sep 2025,Upper Thomson Road,TE4 Springleaf MRT Station,230.0,2107.36,https://www.propertyguru.com.sg/listing/for-sale-springleaf-residence-60077058
60092706,Springleaf Residence,Sale,3019000.0,5,4,1453,Cai MingHan Danny,11 Sep 2025,Upper Thomson Road,TE4 Springleaf MRT Station,230.0,2077.77,https://www.propertyguru.com.sg/listing/for-sale-springleaf-residence-60092706
60082422,Springleaf Residence,Sale,2290000.0,3,2,1119,Jaslyn Kee,11 Sep 2025,Upper Thomson Road,TE4 Springleaf MRT Station,230.0,2046.47,https://www.propertyguru.com.sg/listing/for-sale-springleaf-residence-60082422
60051576,The Essence,Sale,1280000.0,2,2,732,Yong Seng,11 Sep 2025,1 Chong Kuo Road,TE4 Springleaf MRT Station,620.0,1748.63,https://www.propertyguru.com.sg/listing/for-sale-the-essence-60051576
60030753,The Essence,Sale,1280000.0,2,2,732,Sharon Ng,11 Sep 2025,1 Chong Kuo Road,TE4 Springleaf MRT Station,620.0,1748.63,https://www.propertyguru.com.sg/listing/for-sale-the-essence-60030753
60054200,Forest Hills Condo,Sale,1590000.0,3,3,1163,Ann Marie Ee,11 Sep 2025,27 Transit Road,TE4 Springleaf MRT Station,690.0,1367.15,https://www.propertyguru.com.sg/listing/for-sale-forest-hills-condo-60054200
25578598,Castle Green,Sale,1300000.0,2,2,947,Maureen Ho,10 Sep 2025,487 Yio Chu Kang Road,TE5 Lentor MRT Station,640.0,1372.76,https://www.propertyguru.com.sg/listing/for-sale-castle-green-25578598
60120776,Springleaf Residence,Sale,2849000.0,4,3,1227,Joji Lin,10 Sep 2025,Upper Thomson Road,TE4 Springleaf MRT Station,230.0,2321.92,https://www.propertyguru.com.sg/listing/for-sale-springleaf-residence-60120776
25356048,Hillock Green,Sale,2400000.0,3,2,1141,Ink Chua,10 Sep 2025,22-28 Lentor Central,TE5 Lentor MRT Station,380.0,2103.42,https://www.propertyguru.com.sg/listing/for-sale-hillock-green-25356048
60080216,Springleaf,Sale,1318000.0,2,2,646,Jerry Tay,10 Sep 2025,Upper Thomson Road,TE4 Springleaf MRT Station,220.0,2040.25,https://www.propertyguru.com.sg/listing/for-sale-springleaf-60080216
60120314,Springleaf Residence,Sale,3054000.0,5,4,1453,Mary Baey,20 Sep 2025,Upper Thomson Road,TE4 Springleaf MRT Station,230.0,2101.86,https://www.propertyguru.com.sg/listing/for-sale-springleaf-residence-60120314
60096432,Springleaf Residence,Sale,2515000.0,4,3,1227,Jasmine Tan YC,10 Sep 2025,Upper Thomson Road,TE4 Springleaf MRT Station,230.0,2049.71,https://www.propertyguru.com.sg/listing/for-sale-springleaf-residence-60096432
60079975,Springleaf Residence,Sale,2250000.0,4,3,1229,Fion Sng,9 Sep 2025,Upper Thomson Road,TE4 Springleaf MRT Station,230.0,1830.76,https://www.propertyguru.com.sg/listing/for-sale-springleaf-residence-60079975
60120032,Lentoria,Sale,2844000.0,4,4,1206,Henry Ng,9 Sep 2025,38 Lentor Hills Road,TE5 Lentor MRT Station,430.0,2358.21,https://www.propertyguru.com.sg/listing/for-sale-lentoria-60120032
60120029,Lentoria,Sale,2112000.0,3,2,936,Henry Ng,9 Sep 2025,38 Lentor Hills Road,TE5 Lentor MRT Station,430.0,2256.41,https://www.propertyguru.com.sg/listing/for-sale-lentoria-60120029
60119581,Lentoria,Sale,2112000.0,3,2,936,Gerald Leong,9 Sep 2025,38 Lentor Hills Road,TE5 Lentor MRT Station,430.0,2256.41,https://www.propertyguru.com.sg/listing/for-sale-lentoria-60119581
60119579,Lentoria,Sale,1308000.0,1,1,538,Gerald Leong,9 Sep 2025,32 Lentor Hills Road,TE5 Lentor MRT Station,430.0,2431.23,https://www.propertyguru.com.sg/listing/for-sale-lentoria-60119579
60119577,Lentoria,Sale,1780000.0,2,2,732,Gerald Leong,9 Sep 2025,36 Lentor Hills Road,TE5 Lentor MRT Station,430.0,2431.69,https://www.propertyguru.com.sg/listing/for-sale-lentoria-60119577
60119573,Lentoria,Sale,2844000.0,4,4,1206,Gerald Leong,9 Sep 2025,38 Lentor Hills Road,TE5 Lentor MRT Station,430.0,2358.21,https://www.propertyguru.com.sg/listing/for-sale-lentoria-60119573
60119560,Hillock Green,Sale,1513000.0,1,1,689,Gerald Leong,9 Sep 2025,26 Lentor Central,TE5 Lentor MRT Station,380.0,2195.94,https://www.propertyguru.com.sg/listing/for-sale-hillock-green-60119560
60119554,Hillock Green,Sale,1748000.0,2,1,775,Gerald Leong,9 Sep 2025,28 Lentor Central,TE5 Lentor MRT Station,380.0,2255.48,https://www.propertyguru.com.sg/listing/for-sale-hillock-green-60119554
60119551,Hillock Green,Sale,3027000.0,3,3,1442,Gerald Leong,9 Sep 2025,26 Lentor Central,TE5 Lentor MRT Station,380.0,2099.17,https://www.propertyguru.com.sg/listing/for-sale-hillock-green-60119551
25637180,Bullion Park,Sale,1320000.0,2,2,807,Tango Tan,9 Sep 2025,160 Lentor Loop,TE5 Lentor MRT Station,980.0,1635.69,https://www.propertyguru.com.sg/listing/for-sale-bullion-park-25637180
25580569,Lentoria,Sale,1990000.0,3,2,936,Ying Ying Cheng,17 Sep 2025,32 Lentor Hills Road,TE5 Lentor MRT Station,430.0,2126.07,https://www.propertyguru.com.sg/listing/for-sale-lentoria-25580569
25580635,Lentoria,Sale,2780000.0,4,4,1345,Ying Ying Cheng,22 Sep 2025,36 Lentor Hills Road,TE5 Lentor MRT Station,430.0,2066.91,https://www.propertyguru.com.sg/listing/for-sale-lentoria-25580635
60118281,Springleaf Residence,Sale,2496000.0,4,3,1227,Audreey Tan,12 Sep 2025,Upper Thomson Road,TE4 Springleaf MRT Station,230.0,2034.23,https://www.propertyguru.com.sg/listing/for-sale-springleaf-residence-60118281
60118124,Springleaf Residence,Sale,3054000.0,5,4,1453,Audreey Tan,12 Sep 2025,Upper Thomson Road,TE4 Springleaf MRT Station,230.0,2101.86,https://www.propertyguru.com.sg/listing/for-sale-springleaf-residence-60118124
60031736,The Essence,Sale,1180000.0,2,2,700,Karen Seah,8 Sep 2025,1 Chong Kuo Road,TE4 Springleaf MRT Station,620.0,1685.71,https://www.propertyguru.com.sg/listing/for-sale-the-essence-60031736
25635890,Lentoria,Sale,2100000.0,3,2,936,Linda Yang,8 Sep 2025,32 Lentor Hills Road,TE5 Lentor MRT Station,430.0,2243.59,https://www.propertyguru.com.sg/listing/for-sale-lentoria-25635890
60078653,Lentoria,Sale,2112000.0,3,2,936,Seah Siew Lin,18 Sep 2025,32 Lentor Hills Road,TE5 Lentor MRT Station,430.0,2256.41,https://www.propertyguru.com.sg/listing/for-sale-lentoria-60078653
60078662,Lentoria,Sale,2844000.0,4,3,1206,Seah Siew Lin,8 Sep 2025,32 Lentor Hills Road,TE5 Lentor MRT Station,430.0,2358.21,https://www.propertyguru.com.sg/listing/for-sale-lentoria-60078662
60065395,Springleaf Residence,Sale,2505000.0,4,3,1227,Lee Gin Leong,8 Sep 2025,Upper Thomson Road,TE4 Springleaf MRT Station,230.0,2041.56,https://www.propertyguru.com.sg/listing/for-sale-springleaf-residence-60065395
60085289,The Essence,Sale,800000.0,1,1,538,Koh Khi Leong Bryan,8 Sep 2025,1 Chong Kuo Road,TE4 Springleaf MRT Station,620.0,1486.99,https://www.propertyguru.com.sg/listing/for-sale-the-essence-60085289
60117463,Springleaf Residence,Sale,2337000.0,3,3,1119,Sherly Wai,18 Sep 2025,Upper Thomson Road,TE4 Springleaf MRT Station,230.0,2088.47,https://www.propertyguru.com.sg/listing/for-sale-springleaf-residence-60117463
60010062,Lentoria,Sale,2700000.0,4,4,1206,Yvone Wee 黄惠霞,8 Sep 2025,32 Lentor Hills Road,TE5 Lentor MRT Station,430.0,2238.81,https://www.propertyguru.com.sg/listing/for-sale-lentoria-60010062
25436597,Seasons Park,Sale,2100000.0,3,3,1293,Ivan Li Zhilong 李智龙,7 Sep 2025,491 Yio Chu Kang Road,TE5 Lentor MRT Station,400.0,1624.13,https://www.propertyguru.com.sg/listing/for-sale-seasons-park-25436597
25598227,The Essence,Sale,1410000.0,2,2,1001,Melanie Shen,7 Sep 2025,1 Chong Kuo Road,TE4 Springleaf MRT Station,620.0,1408.59,https://www.propertyguru.com.sg/listing/for-sale-the-essence-25598227
25619713,Castle Green,Sale,2380000.0,4,4,1410,Jay Sun,6 Sep 2025,481 Yio Chu Kang Road,TE5 Lentor MRT Station,640.0,1687.94,https://www.propertyguru.com.sg/listing/for-sale-castle-green-25619713
60116284,Lentoria,Sale,2112000.0,3,2,936,Richa Mahajan,6 Sep 2025,38 Lentor Hills Road,TE5 Lentor MRT Station,430.0,2256.41,https://www.propertyguru.com.sg/listing/for-sale-lentoria-60116284
60030276,Springleaf Residence,Sale,2448000.0,4,3,1227,Ray Lim,6 Sep 2025,Upper Thomson Road,TE4 Springleaf MRT Station,230.0,1995.11,https://www.propertyguru.com.sg/listing/for-sale-springleaf-residence-60030276
60029993,Springleaf Residence,Sale,3019000.0,5,4,1453,Ray Lim,6 Sep 2025,Upper Thomson Road,TE4 Springleaf MRT Station,230.0,2077.77,https://www.propertyguru.com.sg/listing/for-sale-springleaf-residence-60029993
60075863,⭐️ FINAL 4BED UNIT AT HILLOCK WITHIN $3M,Sale,2760000.0,4,3,1184,Surya Gunawan,18 Sep 2025,,TE5 Lentor MRT Station,220.0,2331.08,https://www.propertyguru.com.sg/listing/for-sale-final-4bed-unit-at-hillock-within-3m-60075863
60072835,Springleaf Residence,Sale,1658000.0,3,2,786,Ang Lay See,6 Sep 2025,Upper Thomson Road,TE4 Springleaf MRT Station,230.0,2109.41,https://www.propertyguru.com.sg/listing/for-sale-springleaf-residence-60072835
60101634,LENTOR MODERN,Sale,1950000.0,2,2,732,Shawn Soh,6 Sep 2025,5 LENTOR CENTRAL,,,2663.93,https://www.propertyguru.com.sg/listing/for-sale-lentor-modern-60101634
60115568,Lentoria,Sale,2182000.0,3,2,936,Dennis Lim,6 Sep 2025,36 Lentor Hills Road,TE5 Lentor MRT Station,430.0,2331.2,https://www.propertyguru.com.sg/listing/for-sale-lentoria-60115568
60051044,Spring Leaf,Sale,2300000.0,3,2,1119,Suden Clarissa Li Huang,5 Sep 2025,upper thomson road,TE4 Springleaf MRT Station,200.0,2055.41,https://www.propertyguru.com.sg/listing/for-sale-spring-leaf-60051044
25630602,Springleaf Residence,Sale,1288200.0,2,1,678,Matthias Lim,5 Sep 2025,,TE4 Springleaf MRT Station,200.0,1900.0,https://www.propertyguru.com.sg/listing/for-sale-springleaf-residence-25630602
60078031,Seasons Park,Sale,1800000.0,2,2,1496,Alvin Oh,11 Sep 2025,491 Yio Chu Kang Road,TE5 Lentor MRT Station,400.0,1203.21,https://www.propertyguru.com.sg/listing/for-sale-seasons-park-60078031
25273012,Hillock Green,Sale,2399000.0,4,3,1184,John Ong,5 Sep 2025,22-28 Lentor Central,TE5 Lentor MRT Station,380.0,2026.18,https://www.propertyguru.com.sg/listing/for-sale-hillock-green-25273012
25300820,Hillock Green,Sale,2402000.0,4,3,1184,John Ong,5 Sep 2025,22-28 Lentor Central,TE5 Lentor MRT Station,380.0,2028.72,https://www.propertyguru.com.sg/listing/for-sale-hillock-green-25300820
60056965,Springleaf Residence,Sale,3000000.0,5,4,1453,Lester T.,4 Sep 2025,Upper Thomson Road,TE4 Springleaf MRT Station,230.0,2064.69,https://www.propertyguru.com.sg/listing/for-sale-springleaf-residence-60056965
60096296,The Calrose,Sale,2180000.0,2,2,969,Benjamin Tan Boo Tian,4 Sep 2025,511 Yio Chu Kang Road,TE5 Lentor MRT Station,270.0,2249.74,https://www.propertyguru.com.sg/listing/for-sale-the-calrose-60096296
60100191,Meadows @ Peirce,Sale,2050000.0,2,2,1152,Jazreel Lim,4 Sep 2025,628 Upper Thomson Road,,,1779.51,https://www.propertyguru.com.sg/listing/for-sale-meadows-peirce-60100191
60086757,Springleaf Residence,Sale,3019000.0,5,4,1453,Nicole Ng,4 Sep 2025,Upper Thomson Road,TE4 Springleaf MRT Station,230.0,2077.77,https://www.propertyguru.com.sg/listing/for-sale-springleaf-residence-60086757
24306377,Bullion Park,Sale,1368000.0,2,2,807,Meriell Alexiz Kwek,5 Sep 2025,170 Lentor Loop,TE5 Lentor MRT Station,980.0,1695.17,https://www.propertyguru.com.sg/listing/for-sale-bullion-park-24306377
60113258,Springleaf Residence,Sale,2496000.0,4,3,1227,Tommy Liu,6 Sep 2025,Upper Thomson Road,TE4 Springleaf MRT Station,230.0,2034.23,https://www.propertyguru.com.sg/listing/for-sale-springleaf-residence-60113258
60111877,Hillock Green,Sale,1935000.0,2,2,786,Dennis Lim,3 Sep 2025,22-28 Lentor Central,TE5 Lentor MRT Station,380.0,2461.83,https://www.propertyguru.com.sg/listing/for-sale-hillock-green-60111877
60082397,Springleaf Residence,Sale,2448000.0,4,3,1227,Murphy Lee 李国聪,18 Sep 2025,Upper Thomson Road,TE4 Springleaf MRT Station,230.0,1995.11,https://www.propertyguru.com.sg/listing/for-sale-springleaf-residence-60082397
25632395,Castle Green,Sale,1320000.0,2,2,947,Joanna Goh,3 Sep 2025,481 Yio Chu Kang Road,TE5 Lentor MRT Station,640.0,1393.88,https://www.propertyguru.com.sg/listing/for-sale-castle-green-25632395
60092533,BESIDE MRT ⭐ 4 BED BELOW MARKET PRICE,Sale,2500000.0,4,3,1227,Cybele Chew,18 Sep 2025,,,,2037.49,https://www.propertyguru.com.sg/listing/for-sale-beside-mrt-4-bed-below-market-price-60092533
60067840,Springleaf Residence,Sale,2448000.0,4,3,1227,Rachel Xu,18 Sep 2025,Upper Thomson Road,TE4 Springleaf MRT Station,230.0,1995.11,https://www.propertyguru.com.sg/listing/for-sale-springleaf-residence-60067840
60066861,⭐️ 1KM TO ST NICHOLAS. LAST FEW POOL FACING UNITS,Sale,2700000.0,4,4,1206,Surya Gunawan,18 Sep 2025,,TE5 Lentor MRT Station,830.0,2238.81,https://www.propertyguru.com.sg/listing/for-sale-1km-to-st-nicholas-last-few-pool-facing-units-60066861
60072160,Springleaf Residence,Sale,2448000.0,4,3,1227,Mamta Jain,2 Sep 2025,Upper Thomson Road,TE4 Springleaf MRT Station,230.0,1995.11,https://www.propertyguru.com.sg/listing/for-sale-springleaf-residence-60072160
60109919,Lentoria,Sale,2112000.0,3,2,936,Kevin Ng,18 Sep 2025,32 Lentor Hills Road,TE5 Lentor MRT Station,430.0,2256.41,https://www.propertyguru.com.sg/listing/for-sale-lentoria-60109919
60003748,Seasons Park,Sale,1880000.0,3,3,1292,Rayden Tan,1 Sep 2025,499 Yio Chu Kang Road,TE5 Lentor MRT Station,400.0,1455.11,https://www.propertyguru.com.sg/listing/for-sale-seasons-park-60003748
60109637,Springleaf Residence,Sale,1078000.0,2,1,527,Adeline Goh,18 Sep 2025,Upper Thomson Road,TE4 Springleaf MRT Station,230.0,2045.54,https://www.propertyguru.com.sg/listing/for-sale-springleaf-residence-60109637
24997260,Lentoria,Sale,1800000.0,3,2,732,Vivian Liu,1 Sep 2025,32 Lentor Hills Road,TE5 Lentor MRT Station,430.0,2459.02,https://www.propertyguru.com.sg/listing/for-sale-lentoria-24997260
60067588,Springleaf Residence,Sale,2350000.0,4,3,1227,Vivian Liu,1 Sep 2025,Upper Thomson Road,TE4 Springleaf MRT Station,230.0,1915.24,https://www.propertyguru.com.sg/listing/for-sale-springleaf-residence-60067588
25062763,Seasons Park,Sale,1890000.0,3,3,1291,Beatrice Ng,1 Sep 2025,499 Yio Chu Kang Road,TE5 Lentor MRT Station,400.0,1463.98,https://www.propertyguru.com.sg/listing/for-sale-seasons-park-25062763
60093302,Springleaf Residence,Sale,3019000.0,5,4,1453,Lynn Chow 周素菁,4 Sep 2025,Upper Thomson Road,TE4 Springleaf MRT Station,230.0,2077.77,https://www.propertyguru.com.sg/listing/for-sale-springleaf-residence-60093302
60030989,The Essence,Sale,1180000.0,2,2,700,Sen Hock Yi (HY) 陈学毅,1 Sep 2025,1 Chong Kuo Road,TE4 Springleaf MRT Station,620.0,1685.71,https://www.propertyguru.com.sg/listing/for-sale-the-essence-60030989
60048427,Springleaf Residence,Sale,2300000.0,3,2,1119,Ida Ho,1 Sep 2025,Upper Thomson Road,TE4 Springleaf MRT Station,230.0,2055.41,https://www.propertyguru.com.sg/listing/for-sale-springleaf-residence-60048427
60081853,Springleaf Residence,Sale,2460000.0,4,3,1227,Ida Ho,18 Sep 2025,Upper Thomson Road,TE4 Springleaf MRT Station,230.0,2004.89,https://www.propertyguru.com.sg/listing/for-sale-springleaf-residence-60081853
60069184,Springleaf Residence,Sale,2448000.0,4,3,1227,Evelyn Foo,1 Sep 2025,Upper Thomson Road,TE4 Springleaf MRT Station,230.0,1995.11,https://www.propertyguru.com.sg/listing/for-sale-springleaf-residence-60069184
60065276,BEST BUY UNIT BESIDE MRT IN DISTRICT 26,Sale,1800000.0,3,2,904,Chee Chai Khong,1 Sep 2025,,TE5 Lentor MRT Station,220.0,1991.15,https://www.propertyguru.com.sg/listing/for-sale-best-buy-unit-beside-mrt-in-district-26-60065276
60068017,Springleaf Residence,Sale,2614000.0,4,3,1227,Jasmine Oh,5 Sep 2025,Upper Thomson Road,TE4 Springleaf MRT Station,230.0,2130.4,https://www.propertyguru.com.sg/listing/for-sale-springleaf-residence-60068017
25332446,Lentoria,Sale,1780000.0,2,2,700,Muhammad Aman Mohamed Aboobucker,1 Sep 2025,32 Lentor Hills Road,TE5 Lentor MRT Station,430.0,2542.86,https://www.propertyguru.com.sg/listing/for-sale-lentoria-25332446
60074306,Springleaf Residence,Sale,1078000.0,2,1,527,Zac Wong Wey Han,31 Aug 2025,Upper Thomson Road,TE4 Springleaf MRT Station,230.0,2045.54,https://www.propertyguru.com.sg/listing/for-sale-springleaf-residence-60074306
25502614,Lentoria,Sale,2099000.0,3,2,936,Sophie Toh,31 Aug 2025,32 Lentor Hills Road,TE5 Lentor MRT Station,430.0,2242.52,https://www.propertyguru.com.sg/listing/for-sale-lentoria-25502614
60108619,Lentoria,Sale,2800000.0,4,3,1206,Michelle Chia,18 Sep 2025,32 Lentor Hills Road,TE5 Lentor MRT Station,430.0,2321.72,https://www.propertyguru.com.sg/listing/for-sale-lentoria-60108619
60108438,Lentoria,Sale,1730000.0,2,2,732,Dennis Lee,31 Aug 2025,38 Lentor Hills Road,TE5 Lentor MRT Station,430.0,2363.39,https://www.propertyguru.com.sg/listing/for-sale-lentoria-60108438
60049492,Meadows @ Peirce,Sale,2888888.0,3,3,1518,Jerome Tee,31 Aug 2025,626 Upper Thomson Road,,,1903.09,https://www.propertyguru.com.sg/listing/for-sale-meadows-peirce-60049492
60108232,Seasons Park,Sale,1800000.0,2,2,1496,May Tan,31 Aug 2025,491 Yio Chu Kang Road,TE5 Lentor MRT Station,400.0,1203.21,https://www.propertyguru.com.sg/listing/for-sale-seasons-park-60108232
25317957,Lentoria,Sale,2000000.0,3,2,958,John Ong,31 Aug 2025,32 Lentor Hills Road,TE5 Lentor MRT Station,430.0,2087.68,https://www.propertyguru.com.sg/listing/for-sale-lentoria-25317957
60108000,Springleaf Residence,Sale,2496000.0,4,3,1227,Jack Tan,18 Sep 2025,Upper Thomson Road,TE4 Springleaf MRT Station,230.0,2034.23,https://www.propertyguru.com.sg/listing/for-sale-springleaf-residence-60108000
60107892,Springleaf Residence,Sale,2496000.0,4,3,1227,Wong Li Ting,18 Sep 2025,Upper Thomson Road,TE4 Springleaf MRT Station,230.0,2034.23,https://www.propertyguru.com.sg/listing/for-sale-springleaf-residence-60107892
60081242,Springleaf Residence,Sale,2496000.0,4,3,1227,Joey Loh 罗雪慧,30 Aug 2025,Upper Thomson Road,TE4 Springleaf MRT Station,230.0,2034.23,https://www.propertyguru.com.sg/listing/for-sale-springleaf-residence-60081242
60058790,Springleaf Residence,Sale,2300000.0,3,3,1119,Wong Lay Cheng (黄丽清),25 Sep 2025,Upper Thomson Road,TE4 Springleaf MRT Station,230.0,2055.41,https://www.propertyguru.com.sg/listing/for-sale-springleaf-residence-60058790
60077289,Springleaf Residence,Sale,2636000.0,3,2,1259,Glyn Yong,4 Sep 2025,Upper Thomson Road,TE4 Springleaf MRT Station,230.0,2093.73,https://www.propertyguru.com.sg/listing/for-sale-springleaf-residence-60077289
25333763,Castle Green,Sale,1550000.0,2,2,1302,Ben Wong,30 Aug 2025,485 Yio Chu Kang Road,TE5 Lentor MRT Station,640.0,1190.48,https://www.propertyguru.com.sg/listing/for-sale-castle-green-25333763
60010310,Lentoria,Sale,1800000.0,2,2,700,Yvone Wee 黄惠霞,30 Aug 2025,36 Lentor Hills Road,TE5 Lentor MRT Station,430.0,2571.43,https://www.propertyguru.com.sg/listing/for-sale-lentoria-60010310
60008916,Hillock Green,Sale,2760000.0,4,3,1184,Shirley Fong,1 Sep 2025,22-28 Lentor Central,TE5 Lentor MRT Station,380.0,2331.08,https://www.propertyguru.com.sg/listing/for-sale-hillock-green-60008916
60097622,Springleaf Residence,Sale,2300000.0,3,2,1119,Velyn Toh,29 Aug 2025,Upper Thomson Road,TE4 Springleaf MRT Station,230.0,2055.41,https://www.propertyguru.com.sg/listing/for-sale-springleaf-residence-60097622
60095019,Springleaf Residence,Sale,3019000.0,5,4,1453,Cynthia Tan,29 Aug 2025,Upper Thomson Road,TE4 Springleaf MRT Station,230.0,2077.77,https://www.propertyguru.com.sg/listing/for-sale-springleaf-residence-60095019
60095081,Lentoria,Sale,2112000.0,3,2,936,Cynthia Tan,29 Aug 2025,38 Lentor Hills Road,TE5 Lentor MRT Station,430.0,2256.41,https://www.propertyguru.com.sg/listing/for-sale-lentoria-60095081
60095025,Springleaf Residence,Sale,2300000.0,3,2,1119,Cynthia Tan,29 Aug 2025,Upper Thomson Road,TE4 Springleaf MRT Station,230.0,2055.41,https://www.propertyguru.com.sg/listing/for-sale-springleaf-residence-60095025
24661204,Ang Mo Kio & Lentor Condominium,Sale,2988000.0,4,4,1400,Kelvin Tan,29 Aug 2025,Lentor Central,TE5 Lentor MRT Station,380.0,2134.29,https://www.propertyguru.com.sg/listing/for-sale-ang-mo-kio-lentor-condominium-24661204
60070614,Springleaf Residence,Sale,878000.0,1,1,388,Matthew Ching,29 Aug 2025,Upper Thomson Road,TE4 Springleaf MRT Station,230.0,2262.89,https://www.propertyguru.com.sg/listing/for-sale-springleaf-residence-60070614
60106450,Springleaf Residence,Sale,3000000.0,6,4,1475,Ryan Lee,29 Aug 2025,Upper Thomson Road,TE4 Springleaf MRT Station,230.0,2033.9,https://www.propertyguru.com.sg/listing/for-sale-springleaf-residence-60106450
60106432,Springleaf Residence,Sale,2400000.0,5,3,1227,Ryan Lee,29 Aug 2025,Upper Thomson Road,TE4 Springleaf MRT Station,230.0,1955.99,https://www.propertyguru.com.sg/listing/for-sale-springleaf-residence-60106432
25278895,Lentoria,Sale,2361800.0,3,2,958,Mark Loon,29 Aug 2025,34 Lentor Hills Road,TE5 Lentor MRT Station,430.0,2465.34,https://www.propertyguru.com.sg/listing/for-sale-lentoria-25278895
60106385,Springleaf Residence,Sale,2100000.0,3,3,1119,Ryan Lee,29 Aug 2025,Upper Thomson Road,TE4 Springleaf MRT Station,230.0,1876.68,https://www.propertyguru.com.sg/listing/for-sale-springleaf-residence-60106385
60079057,Castle Green,Sale,1320000.0,2,2,947,Brenda Lim,30 Aug 2025,481 Yio Chu Kang Road,TE5 Lentor MRT Station,640.0,1393.88,https://www.propertyguru.com.sg/listing/for-sale-castle-green-60079057
60007372,1km from CHIJ St. Nicholas Girls School - Lentoria,Sale,2753800.0,3,2,1119,Yee Bey Liew,29 Aug 2025,38 Lentor Hills,TE5 Lentor MRT Station,240.0,2460.95,https://www.propertyguru.com.sg/listing/for-sale-1km-from-chij-st-nicholas-girls-school-lentoria-60007372
60067799,Springleaf Residence,Sale,1852000.0,3,2,926,Rachel Xu,28 Aug 2025,Upper Thomson Road,TE4 Springleaf MRT Station,230.0,2000.0,https://www.propertyguru.com.sg/listing/for-sale-springleaf-residence-60067799
24893758,Hillock Green,Sale,1618000.0,2,1,657,Lynne Wong,28 Aug 2025,22-28 Lentor Central,TE5 Lentor MRT Station,380.0,2462.71,https://www.propertyguru.com.sg/listing/for-sale-hillock-green-24893758
25597198,"❤️ Super Cheap 4 bed, 1km to CHIJ St Nicholas Girls' School ❤️",Sale,2580000.0,4,4,1206,Elaine Wong,28 Aug 2025,,TE6 Mayflower MRT Station,570.0,2139.3,https://www.propertyguru.com.sg/listing/for-sale-super-cheap-4-bed-1km-to-chij-st-nicholas-girls-school-25597198
25597173,★ 1km to CHIJ St Nicholas Girls' School ★,Sale,1980000.0,3,2,936,Elaine Wong,28 Aug 2025,,TE6 Mayflower MRT Station,570.0,2115.38,https://www.propertyguru.com.sg/listing/for-sale-1km-to-chij-st-nicholas-girls-school-25597173
25597101,⭐️⭐️⭐️ 1km to CHIJ St Nicholas Girls' School ⭐️⭐️⭐️,Sale,1290000.0,1,1,538,Elaine Wong,28 Aug 2025,,TE6 Mayflower MRT Station,570.0,2397.77,https://www.propertyguru.com.sg/listing/for-sale-1km-to-chij-st-nicholas-girls-school-25597101
60058449,Springleaf Residence,Sale,3019000.0,5,4,1453,Vivian Chian,28 Aug 2025,Upper Thomson Road,TE4 Springleaf MRT Station,230.0,2077.77,https://www.propertyguru.com.sg/listing/for-sale-springleaf-residence-60058449
60099119,Springleaf Residence,Sale,2624000.0,4,3,1227,Helen Neo,28 Aug 2025,Upper Thomson Road,TE4 Springleaf MRT Station,230.0,2138.55,https://www.propertyguru.com.sg/listing/for-sale-springleaf-residence-60099119
60104825,Springleaf Residence,Sale,3019000.0,5,4,1453,Josephine Lim,28 Aug 2025,Upper Thomson Road,TE4 Springleaf MRT Station,230.0,2077.77,https://www.propertyguru.com.sg/listing/for-sale-springleaf-residence-60104825
60104256,Springleaf Residence,Sale,2300000.0,3,2,1119,Marn Lee,27 Aug 2025,Upper Thomson Road,TE4 Springleaf MRT Station,230.0,2055.41,https://www.propertyguru.com.sg/listing/for-sale-springleaf-residence-60104256
24827697,Lentoria,Sale,1730000.0,2,2,732,Stan Lee 李俊豪,27 Aug 2025,32 Lentor Hills Road,TE5 Lentor MRT Station,430.0,2363.39,https://www.propertyguru.com.sg/listing/for-sale-lentoria-24827697
24827712,Lentoria,Sale,2840000.0,4,3,1206,Stan Lee 李俊豪,9 Sep 2025,32 Lentor Hills Road,TE5 Lentor MRT Station,430.0,2354.89,https://www.propertyguru.com.sg/listing/for-sale-lentoria-24827712
24827702,Lentoria,Sale,2110000.0,3,2,936,Stan Lee 李俊豪,27 Aug 2025,32 Lentor Hills Road,TE5 Lentor MRT Station,430.0,2254.27,https://www.propertyguru.com.sg/listing/for-sale-lentoria-24827702
60072955,Springleaf Residence,Sale,2448000.0,4,3,1227,Simon Goh,27 Aug 2025,Upper Thomson Road,TE4 Springleaf MRT Station,230.0,1995.11,https://www.propertyguru.com.sg/listing/for-sale-springleaf-residence-60072955
60067600,Springleaf Residence,Sale,2300000.0,3,2,1119,Simon Goh,27 Aug 2025,Upper Thomson Road,TE4 Springleaf MRT Station,230.0,2055.41,https://www.propertyguru.com.sg/listing/for-sale-springleaf-residence-60067600
60072919,Springleaf Residence,Sale,2601000.0,3,2,1259,Simon Goh,27 Aug 2025,Upper Thomson Road,TE4 Springleaf MRT Station,230.0,2065.93,https://www.propertyguru.com.sg/listing/for-sale-springleaf-residence-60072919
60072936,Springleaf Residence,Sale,2337000.0,3,2,1119,Simon Goh,27 Aug 2025,Upper Thomson Road,TE4 Springleaf MRT Station,230.0,2088.47,https://www.propertyguru.com.sg/listing/for-sale-springleaf-residence-60072936
60073002,Springleaf Residence,Sale,3019000.0,5,4,1453,Simon Goh,27 Aug 2025,Upper Thomson Road,TE4 Springleaf MRT Station,230.0,2077.77,https://www.propertyguru.com.sg/listing/for-sale-springleaf-residence-60073002
25607204,The Calrose,Sale,3350000.0,3,3,2207,Raymond Lim,27 Aug 2025,511 Yio Chu Kang Road,TE5 Lentor MRT Station,270.0,1517.9,https://www.propertyguru.com.sg/listing/for-sale-the-calrose-25607204
60058592,The Essence,Sale,1180000.0,2,2,700,Hazel Tan,18 Sep 2025,1 Chong Kuo Road,TE4 Springleaf MRT Station,620.0,1685.71,https://www.propertyguru.com.sg/listing/for-sale-the-essence-60058592
25313466,Hillock Green,Sale,1513000.0,1,1,689,Shayne Kang,26 Aug 2025,22-28 Lentor Central,TE5 Lentor MRT Station,380.0,2195.94,https://www.propertyguru.com.sg/listing/for-sale-hillock-green-25313466
60103203,Springleaf Residence,Sale,2674000.0,4,3,1227,Esther Whong,26 Aug 2025,Upper Thomson Road,TE4 Springleaf MRT Station,230.0,2179.3,https://www.propertyguru.com.sg/listing/for-sale-springleaf-residence-60103203
60008496,Springleaf,Sale,1618000.0,3,2,1023,Ellie Tan,26 Aug 2025,,TE4 Springleaf MRT Station,230.0,1581.62,https://www.propertyguru.com.sg/listing/for-sale-springleaf-60008496
60014624,Hillock Green,Sale,1772000.0,2,2,710,James Lee,26 Aug 2025,22-28 Lentor Central,TE5 Lentor MRT Station,380.0,2495.77,https://www.propertyguru.com.sg/listing/for-sale-hillock-green-60014624
60008938,Hillock Green,Sale,2657000.0,4,3,1259,Shirley Fong,1 Sep 2025,22-28 Lentor Central,TE5 Lentor MRT Station,380.0,2110.41,https://www.propertyguru.com.sg/listing/for-sale-hillock-green-60008938
25635916,Lentoria,Sale,2700000.0,4,4,1206,Linda Yang,25 Aug 2025,32 Lentor Hills Road,TE5 Lentor MRT Station,430.0,2238.81,https://www.propertyguru.com.sg/listing/for-sale-lentoria-25635916
25580586,Lentoria,Sale,2725000.0,3,3,1119,Ying Ying Cheng,17 Sep 2025,32 Lentor Hills Road,TE5 Lentor MRT Station,430.0,2435.21,https://www.propertyguru.com.sg/listing/for-sale-lentoria-25580586
25580602,Lentoria,Sale,2699000.0,4,4,1206,Ying Ying Cheng,22 Sep 2025,36 Lentor Hills Road,TE5 Lentor MRT Station,430.0,2237.98,https://www.propertyguru.com.sg/listing/for-sale-lentoria-25580602
60101164,Springleaf Residence,Sale,2862000.0,4,3,1227,Ching Ching Gan,25 Aug 2025,Upper Thomson Road,TE4 Springleaf MRT Station,230.0,2332.52,https://www.propertyguru.com.sg/listing/for-sale-springleaf-residence-60101164
25396833,Springleaf Residences Condo,Sale,3000000.0,5,2,1453,Daniel Kam 甘囯財,25 Aug 2025,Brand New Condo Sale,TE5 Lentor MRT Station,650.0,2064.69,https://www.propertyguru.com.sg/listing/for-sale-springleaf-residences-condo-25396833
60100697,Springleaf Residence,Sale,2505000.0,4,3,1227,Sherlynn Tang,24 Aug 2025,Upper Thomson Road,TE4 Springleaf MRT Station,230.0,2041.56,https://www.propertyguru.com.sg/listing/for-sale-springleaf-residence-60100697
60058800,Springleaf Residence,Sale,2496000.0,4,3,1227,Wong Lay Cheng (黄丽清),25 Sep 2025,Upper Thomson Road,TE4 Springleaf MRT Station,230.0,2034.23,https://www.propertyguru.com.sg/listing/for-sale-springleaf-residence-60058800
60091342,Springleaf Residence,Sale,2974000.0,5,4,1453,Dorothy Chua,24 Aug 2025,Upper Thomson Road,TE4 Springleaf MRT Station,230.0,2046.8,https://www.propertyguru.com.sg/listing/for-sale-springleaf-residence-60091342
60091343,Springleaf Residence,Sale,2122000.0,3,2,1023,Dorothy Chua,24 Aug 2025,Upper Thomson Road,TE4 Springleaf MRT Station,230.0,2074.29,https://www.propertyguru.com.sg/listing/for-sale-springleaf-residence-60091343
60091344,Springleaf Residence,Sale,2460000.0,4,3,1227,Dorothy Chua,24 Aug 2025,Upper Thomson Road,TE4 Springleaf MRT Station,230.0,2004.89,https://www.propertyguru.com.sg/listing/for-sale-springleaf-residence-60091344
